2026-08-24 21:02:49 [INFO] Watchdog запущен. max_restarts=3, restart_delay=30.0s, main.py args=['--max-items', '40']
2026-08-24 21:02:49 [INFO] Запуск: C:\Users\HP_Liza\AppData\Local\Programs\Python\Python311\python.exe C:\work\ua_jobs_parser\main.py --max-items 40
2026-08-24 21:03:58 [INFO] Watchdog запущен. max_restarts=3, restart_delay=30.0s, main.py args=['--max-items', '40']
2026-08-24 21:03:58 [INFO] Запуск: C:\Users\HP_Liza\AppData\Local\Programs\Python\Python311\python.exe C:\work\ua_jobs_parser\main.py --max-items 40
2026-08-24 21:04:58 [INFO] [main.py] [dou] поиск по 'ai automation'...
2026-08-24 21:04:58 [INFO] [main.py]   найдено 15 вакансий, добираю описания...
2026-08-24 21:04:58 [INFO] [main.py]   сохранено/обновлено: 15, помечено неактивными: 0
2026-08-24 21:04:58 [INFO] [main.py] [djinni] поиск по 'ai automation'...
2026-08-24 21:04:58 [INFO] [main.py]   найдено 33 вакансий, добираю описания...
2026-08-24 21:04:58 [INFO] [main.py]   сохранено/обновлено: 33, помечено неактивными: 0
2026-08-24 21:04:58 [INFO] [main.py] [work_ua] поиск по 'ai automation'...
2026-08-24 21:04:58 [INFO] [main.py]   найдено 18 вакансий, добираю описания...
2026-08-24 21:04:58 [INFO] [main.py]   сохранено/обновлено: 18, помечено неактивными: 0
2026-08-24 21:04:58 [INFO] [main.py] [robota_ua] поиск по 'ai automation'...
2026-08-24 21:04:58 [INFO] [main.py]   найдено 0 вакансий, добираю описания...
2026-08-24 21:04:58 [INFO] [main.py]   сохранено/обновлено: 0, помечено неактивными: 0
2026-08-24 21:04:58 [INFO] [main.py] [jooble] поиск по 'ai automation'...
2026-08-24 21:04:58 [INFO] [main.py]   найдено 0 вакансий, добираю описания...
2026-08-24 21:04:58 [INFO] [main.py]   сохранено/обновлено: 0, помечено неактивными: 0
2026-08-24 21:04:58 [INFO] [main.py] [grc] поиск по 'ai automation'...
2026-08-24 21:04:58 [INFO] [main.py]   найдено 2 вакансий, добираю описания...
2026-08-24 21:04:58 [INFO] [main.py]   сохранено/обновлено: 2, помечено неактивными: 0
2026-08-24 21:04:58 [INFO] [main.py] 
2026-08-24 21:04:58 [INFO] [main.py] Готово. Всего сохранено/обновлено записей: 68, помечено неактивными: 0
2026-08-24 21:04:58 [INFO] [main.py] База: C:\work\ua_jobs_parser\vacancies.db
2026-08-24 21:04:58 [INFO] main.py завершился успешно (exit 0), попытка 1/3.
2026-08-24 21:04:58 [INFO] Watchdog завершён, exit code 0.
2026-08-24 21:11:35 [INFO] Watchdog запущен. max_restarts=3, restart_delay=30.0s, main.py args=['--max-items', '40']
2026-08-24 21:11:35 [INFO] Запуск: C:\Users\HP_Liza\AppData\Local\Programs\Python\Python311\python.exe C:\work\ua_jobs_parser\main.py --max-items 40
2026-08-24 21:23:57 [INFO] Watchdog запущен. max_restarts=5, restart_delay=60.0s, main.py args=['--max-items', '20']
2026-08-24 21:23:57 [INFO] Запуск: C:\Users\HP_Liza\AppData\Local\Programs\Python\Python311\python.exe C:\work\ua_jobs_parser\main.py --max-items 20
2026-08-24 21:38:50 [INFO] [main.py] [dou] поиск по 'python розробник'...
2026-08-24 21:38:50 [INFO] [main.py]   найдено 20 вакансий, добираю описания...
2026-08-24 21:38:50 [INFO] [main.py]   сохранено/обновлено: 20, помечено неактивными: 0
2026-08-24 21:38:50 [INFO] [main.py] [dou] поиск по 'javascript розробник'...
2026-08-24 21:38:50 [INFO] [main.py]   найдено 15 вакансий, добираю описания...
2026-08-24 21:38:50 [INFO] [main.py]   сохранено/обновлено: 15, помечено неактивными: 0
2026-08-24 21:38:50 [INFO] [main.py] [dou] поиск по 'typescript розробник'...
2026-08-24 21:38:50 [INFO] [main.py]   найдено 5 вакансий, добираю описания...
2026-08-24 21:38:50 [INFO] [main.py]   сохранено/обновлено: 5, помечено неактивными: 0
2026-08-24 21:38:50 [INFO] [main.py] [dou] поиск по 'frontend розробник'...
2026-08-24 21:38:50 [INFO] [main.py]   найдено 20 вакансий, добираю описания...
2026-08-24 21:38:50 [INFO] [main.py]   сохранено/обновлено: 20, помечено неактивными: 0
2026-08-24 21:38:50 [INFO] [main.py] [dou] поиск по 'backend розробник'...
2026-08-24 21:38:50 [INFO] [main.py]   найдено 20 вакансий, добираю описания...
2026-08-24 21:38:50 [INFO] [main.py]   сохранено/обновлено: 20, помечено неактивными: 0
2026-08-24 21:38:50 [INFO] [main.py] [dou] поиск по 'fullstack розробник'...
2026-08-24 21:38:50 [INFO] [main.py]   найдено 20 вакансий, добираю описания...
2026-08-24 21:38:50 [INFO] [main.py]   сохранено/обновлено: 20, помечено неактивными: 0
2026-08-24 21:38:50 [INFO] [main.py] [dou] поиск по 'java розробник'...
2026-08-24 21:38:50 [INFO] [main.py]   найдено 20 вакансий, добираю описания...
2026-08-24 21:38:50 [INFO] [main.py]   сохранено/обновлено: 20, помечено неактивными: 0
2026-08-24 21:38:50 [INFO] [main.py] [dou] поиск по 'php розробник'...
2026-08-24 21:38:50 [INFO] [main.py]   найдено 20 вакансий, добираю описания...
2026-08-24 21:38:50 [INFO] [main.py]   сохранено/обновлено: 20, помечено неактивными: 0
2026-08-24 21:38:50 [INFO] [main.py] [dou] поиск по '.net розробник'...
2026-08-24 21:38:50 [INFO] [main.py]   найдено 20 вакансий, добираю описания...
2026-08-24 21:38:50 [INFO] [main.py]   сохранено/обновлено: 20, помечено неактивными: 0
2026-08-24 21:38:50 [INFO] [main.py] [dou] поиск по 'c++ розробник'...
2026-08-24 21:38:50 [INFO] [main.py]   найдено 20 вакансий, добираю описания...
2026-08-24 21:38:50 [INFO] [main.py]   сохранено/обновлено: 20, помечено неактивными: 0
2026-08-24 21:38:50 [INFO] [main.py] [dou] поиск по 'c# розробник'...
2026-08-24 21:38:50 [INFO] [main.py]   найдено 20 вакансий, добираю описания...
2026-08-24 21:38:50 [INFO] [main.py]   сохранено/обновлено: 20, помечено неактивными: 0
2026-08-24 21:38:50 [INFO] [main.py] [dou] поиск по 'golang розробник'...
2026-08-24 21:38:50 [INFO] [main.py]   найдено 13 вакансий, добираю описания...
2026-08-24 21:38:50 [INFO] [main.py]   сохранено/обновлено: 13, помечено неактивными: 0
2026-08-24 21:38:50 [INFO] [main.py] [dou] поиск по 'ruby розробник'...
2026-08-24 21:38:50 [INFO] [main.py]   найдено 3 вакансий, добираю описания...
2026-08-24 21:38:50 [INFO] [main.py]   сохранено/обновлено: 3, помечено неактивными: 0
2026-08-24 21:38:50 [INFO] [main.py] [dou] поиск по 'react developer'...
2026-08-24 21:38:50 [INFO] [main.py]   найдено 20 вакансий, добираю описания...
2026-08-24 21:38:50 [INFO] [main.py]   сохранено/обновлено: 20, помечено неактивными: 0
2026-08-24 21:38:50 [INFO] [main.py] [dou] поиск по 'vue developer'...
2026-08-24 21:38:50 [INFO] [main.py]   найдено 12 вакансий, добираю описания...
2026-08-24 21:38:50 [INFO] [main.py]   сохранено/обновлено: 12, помечено неактивными: 0
2026-08-24 21:38:50 [INFO] [main.py] [dou] поиск по 'angular developer'...
2026-08-24 21:38:50 [INFO] [main.py]   найдено 9 вакансий, добираю описания...
2026-08-24 21:38:50 [INFO] [main.py]   сохранено/обновлено: 9, помечено неактивными: 0
2026-08-24 21:38:50 [INFO] [main.py] [dou] поиск по 'node.js developer'...
2026-08-24 21:38:50 [INFO] [main.py]   найдено 20 вакансий, добираю описания...
2026-08-24 21:38:50 [INFO] [main.py]   сохранено/обновлено: 20, помечено неактивными: 0
2026-08-24 21:38:50 [INFO] [main.py] [dou] поиск по 'android developer'...
2026-08-24 21:38:50 [INFO] [main.py]   найдено 6 вакансий, добираю описания...
2026-08-24 21:38:50 [INFO] [main.py]   сохранено/обновлено: 6, помечено неактивными: 0
2026-08-24 21:38:50 [INFO] [main.py] [dou] поиск по 'ios developer'...
2026-08-24 21:38:50 [INFO] [main.py]   найдено 5 вакансий, добираю описания...
2026-08-24 21:38:50 [INFO] [main.py]   сохранено/обновлено: 5, помечено неактивными: 0
2026-08-24 21:38:50 [INFO] [main.py] [dou] поиск по 'mobile developer'...
2026-08-24 21:38:50 [INFO] [main.py]   найдено 6 вакансий, добираю описания...
2026-08-24 21:38:50 [INFO] [main.py]   сохранено/обновлено: 6, помечено неактивными: 0
2026-08-24 21:38:50 [INFO] [main.py] [dou] поиск по 'flutter developer'...
2026-08-24 21:38:50 [INFO] [main.py]   найдено 6 вакансий, добираю описания...
2026-08-24 21:38:50 [INFO] [main.py]   сохранено/обновлено: 6, помечено неактивными: 0
2026-08-24 21:38:50 [INFO] [main.py] [dou] поиск по 'react native developer'...
2026-08-24 21:38:50 [INFO] [main.py]   найдено 9 вакансий, добираю описания...
2026-08-24 21:38:50 [INFO] [main.py]   сохранено/обновлено: 9, помечено неактивными: 0
2026-08-24 21:38:50 [INFO] [main.py] [dou] поиск по 'unity developer'...
2026-08-24 21:38:50 [INFO] [main.py]   найдено 13 вакансий, добираю описания...
2026-08-24 21:38:50 [INFO] [main.py]   сохранено/обновлено: 13, помечено неактивными: 0
2026-08-24 21:38:50 [INFO] [main.py] [dou] поиск по 'game developer'...
2026-08-24 21:38:50 [INFO] [main.py]   найдено 20 вакансий, добираю описания...
2026-08-24 21:38:50 [INFO] [main.py]   сохранено/обновлено: 20, помечено неактивными: 0
2026-08-24 21:38:50 [INFO] [main.py] [dou] поиск по 'qa engineer'...
2026-08-24 21:38:50 [INFO] [main.py]   найдено 20 вакансий, добираю описания...
2026-08-24 21:38:50 [INFO] [main.py]   сохранено/обновлено: 20, помечено неактивными: 0
2026-08-24 21:38:50 [INFO] [main.py] [dou] поиск по 'qa manual'...
2026-08-24 21:38:50 [INFO] [main.py]   найдено 20 вакансий, добираю описания...
2026-08-24 21:38:50 [INFO] [main.py]   сохранено/обновлено: 20, помечено неактивными: 0
2026-08-24 21:38:50 [INFO] [main.py] [dou] поиск по 'qa automation'...
2026-08-24 21:38:50 [INFO] [main.py]   найдено 20 вакансий, добираю описания...
2026-08-24 21:38:50 [INFO] [main.py]   сохранено/обновлено: 20, помечено неактивными: 0
2026-08-24 21:38:50 [INFO] [main.py] [dou] поиск по 'sdet'...
2026-08-24 21:38:50 [INFO] [main.py]   найдено 20 вакансий, добираю описания...
2026-08-24 21:38:50 [INFO] [main.py]   сохранено/обновлено: 20, помечено неактивными: 0
2026-08-24 21:38:50 [INFO] [main.py] [dou] поиск по 'devops engineer'...
2026-08-24 21:38:50 [INFO] [main.py]   найдено 20 вакансий, добираю описания...
2026-08-24 21:38:50 [INFO] [main.py]   сохранено/обновлено: 20, помечено неактивными: 0
2026-08-24 21:38:50 [INFO] [main.py] [dou] поиск по 'sre engineer'...
2026-08-24 21:38:50 [INFO] [main.py]   найдено 17 вакансий, добираю описания...
2026-08-24 21:38:50 [INFO] [main.py]   сохранено/обновлено: 17, помечено неактивными: 0
2026-08-24 21:38:50 [INFO] [main.py] [dou] поиск по 'site reliability engineer'...
2026-08-24 21:38:50 [INFO] [main.py]   найдено 17 вакансий, добираю описания...
2026-08-24 21:38:50 [INFO] [main.py]   сохранено/обновлено: 17, помечено неактивными: 0
2026-08-24 21:38:50 [INFO] [main.py] [dou] поиск по 'data analyst'...
2026-08-24 21:38:50 [INFO] [main.py]   найдено 20 вакансий, добираю описания...
2026-08-24 21:38:50 [INFO] [main.py]   сохранено/обновлено: 20, помечено неактивными: 0
2026-08-24 21:38:50 [INFO] [main.py] [dou] поиск по 'data scientist'...
2026-08-24 21:38:50 [INFO] [main.py]   найдено 20 вакансий, добираю описания...
2026-08-24 21:38:50 [INFO] [main.py]   сохранено/обновлено: 20, помечено неактивными: 0
2026-08-24 21:38:50 [INFO] [main.py] [dou] поиск по 'data engineer'...
2026-08-24 21:38:50 [INFO] [main.py]   найдено 20 вакансий, добираю описания...
2026-08-24 21:38:50 [INFO] [main.py]   сохранено/обновлено: 20, помечено неактивными: 0
2026-08-24 21:38:50 [INFO] [main.py] [dou] поиск по 'ml engineer'...
2026-08-24 21:38:50 [INFO] [main.py]   найдено 20 вакансий, добираю описания...
2026-08-24 21:38:50 [INFO] [main.py]   сохранено/обновлено: 20, помечено неактивными: 0
2026-08-24 21:38:50 [INFO] [main.py] [dou] поиск по 'machine learning engineer'...
2026-08-24 21:38:50 [INFO] [main.py]   найдено 20 вакансий, добираю описания...
2026-08-24 21:38:50 [INFO] [main.py]   сохранено/обновлено: 20, помечено неактивными: 0
2026-08-24 21:38:50 [INFO] [main.py] [dou] поиск по 'ai engineer'...
2026-08-24 21:38:50 [INFO] [main.py]   найдено 20 вакансий, добираю описания...
2026-08-24 21:38:50 [INFO] [main.py]   сохранено/обновлено: 20, помечено неактивными: 0
2026-08-24 21:38:50 [INFO] [main.py] [dou] поиск по 'prompt engineer'...
2026-08-24 21:38:50 [INFO] [main.py]   найдено 0 вакансий, добираю описания...
2026-08-24 21:38:50 [INFO] [main.py]   сохранено/обновлено: 0, помечено неактивными: 0
2026-08-24 21:38:50 [INFO] [main.py] [dou] поиск по 'data science'...
2026-08-24 21:38:50 [INFO] [main.py]   найдено 20 вакансий, добираю описания...
2026-08-24 21:38:50 [INFO] [main.py]   сохранено/обновлено: 20, помечено неактивными: 0
2026-08-24 21:38:50 [INFO] [main.py] [dou] поиск по 'business intelligence analyst'...
2026-08-24 21:38:50 [INFO] [main.py]   найдено 10 вакансий, добираю описания...
2026-08-24 21:38:50 [INFO] [main.py]   сохранено/обновлено: 10, помечено неактивными: 0
2026-08-24 21:38:50 [INFO] [main.py] [dou] поиск по 'system administrator'...
2026-08-24 21:38:50 [INFO] [main.py]   найдено 20 вакансий, добираю описания...
2026-08-24 21:38:50 [INFO] [main.py]   сохранено/обновлено: 20, помечено неактивными: 0
2026-08-24 21:38:50 [INFO] [main.py] [dou] поиск по 'network engineer'...
2026-08-24 21:38:50 [INFO] [main.py]   найдено 20 вакансий, добираю описания...
2026-08-24 21:38:50 [INFO] [main.py]   сохранено/обновлено: 20, помечено неактивными: 0
2026-08-24 21:38:50 [INFO] [main.py] [dou] поиск по 'it support'...
2026-08-24 21:38:50 [INFO] [main.py]   найдено 14 вакансий, добираю описания...
2026-08-24 21:38:50 [INFO] [main.py]   сохранено/обновлено: 14, помечено неактивными: 0
2026-08-24 21:38:50 [INFO] [main.py] [dou] поиск по 'technical support'...
2026-08-24 21:38:50 [INFO] [main.py]   найдено 20 вакансий, добираю описания...
2026-08-24 21:38:50 [INFO] [main.py]   сохранено/обновлено: 20, помечено неактивными: 0
2026-08-24 21:38:50 [INFO] [main.py] [dou] поиск по 'helpdesk'...
2026-08-24 21:38:50 [INFO] [main.py]   найдено 3 вакансий, добираю описания...
2026-08-24 21:38:50 [INFO] [main.py]   сохранено/обновлено: 3, помечено неактивными: 0
2026-08-24 21:38:50 [INFO] [main.py] [dou] поиск по 'cybersecurity engineer'...
2026-08-24 21:38:50 [INFO] [main.py]   найдено 20 вакансий, добираю описания...
2026-08-24 21:38:50 [INFO] [main.py]   сохранено/обновлено: 20, помечено неактивными: 0
2026-08-24 21:38:50 [INFO] [main.py] [dou] поиск по 'security analyst'...
2026-08-24 21:38:50 [INFO] [main.py]   найдено 12 вакансий, добираю описания...
2026-08-24 21:38:50 [INFO] [main.py]   сохранено/обновлено: 12, помечено неактивными: 0
2026-08-24 21:38:50 [INFO] [main.py] [dou] поиск по 'solution architect'...
2026-08-24 21:38:50 [INFO] [main.py]   найдено 18 вакансий, добираю описания...
2026-08-24 21:38:50 [INFO] [main.py]   сохранено/обновлено: 18, помечено неактивными: 0
2026-08-24 21:38:50 [INFO] [main.py] [dou] поиск по 'technical writer'...
2026-08-24 21:38:50 [INFO] [main.py]   найдено 20 вакансий, добираю описания...
2026-08-24 21:38:50 [INFO] [main.py]   сохранено/обновлено: 20, помечено неактивными: 0
2026-08-24 21:38:50 [INFO] [main.py] [dou] поиск по 'scrum master'...
2026-08-24 21:38:50 [INFO] [main.py]   найдено 4 вакансий, добираю описания...
2026-08-24 21:38:50 [INFO] [main.py]   сохранено/обновлено: 4, помечено неактивными: 0
2026-08-24 21:38:50 [INFO] [main.py] [dou] поиск по 'product owner'...
2026-08-24 21:38:50 [INFO] [main.py]   найдено 20 вакансий, добираю описания...
2026-08-24 21:38:50 [INFO] [main.py]   сохранено/обновлено: 20, помечено неактивными: 0
2026-08-24 21:38:50 [INFO] [main.py] [dou] поиск по 'project manager'...
2026-08-24 21:38:50 [INFO] [main.py]   найдено 20 вакансий, добираю описания...
2026-08-24 21:38:50 [INFO] [main.py]   сохранено/обновлено: 20, помечено неактивными: 0
2026-08-24 21:38:50 [INFO] [main.py] [dou] поиск по 'program manager'...
2026-08-24 21:38:50 [INFO] [main.py]   найдено 6 вакансий, добираю описания...
2026-08-24 21:38:50 [INFO] [main.py]   сохранено/обновлено: 6, помечено неактивными: 0
2026-08-24 21:38:50 [INFO] [main.py] [dou] поиск по 'delivery manager'...
2026-08-24 21:38:50 [INFO] [main.py]   найдено 20 вакансий, добираю описания...
2026-08-24 21:38:50 [INFO] [main.py]   сохранено/обновлено: 20, помечено неактивными: 0
2026-08-24 21:38:50 [INFO] [main.py] [dou] поиск по 'product manager'...
2026-08-24 21:38:50 [INFO] [main.py]   найдено 20 вакансий, добираю описания...
2026-08-24 21:38:50 [INFO] [main.py]   сохранено/обновлено: 20, помечено неактивными: 0
2026-08-24 21:38:50 [INFO] [main.py] [dou] поиск по 'business analyst'...
2026-08-24 21:38:50 [INFO] [main.py]   найдено 20 вакансий, добираю описания...
2026-08-24 21:38:50 [INFO] [main.py]   сохранено/обновлено: 20, помечено неактивными: 0
2026-08-24 21:38:50 [INFO] [main.py] [dou] поиск по 'system analyst'...
2026-08-24 21:38:50 [INFO] [main.py]   найдено 20 вакансий, добираю описания...
2026-08-24 21:38:50 [INFO] [main.py]   сохранено/обновлено: 20, помечено неактивными: 0
2026-08-24 21:38:50 [INFO] [main.py] [dou] поиск по 'ui дизайнер'...
2026-08-24 21:38:50 [INFO] [main.py]   найдено 20 вакансий, добираю описания...
2026-08-24 21:38:50 [INFO] [main.py]   сохранено/обновлено: 20, помечено неактивными: 0
2026-08-24 21:38:50 [INFO] [main.py] [dou] поиск по 'ux дизайнер'...
2026-08-24 21:38:50 [INFO] [main.py]   найдено 20 вакансий, добираю описания...
2026-08-24 21:38:50 [INFO] [main.py]   сохранено/обновлено: 20, помечено неактивными: 0
2026-08-24 21:38:50 [INFO] [main.py] [dou] поиск по 'ui/ux дизайнер'...
2026-08-24 21:38:50 [INFO] [main.py]   найдено 20 вакансий, добираю описания...
2026-08-24 21:38:50 [INFO] [main.py]   сохранено/обновлено: 20, помечено неактивными: 0
2026-08-24 21:38:50 [INFO] [main.py] [dou] поиск по 'graphic designer'...
2026-08-24 21:38:50 [INFO] [main.py]   найдено 20 вакансий, добираю описания...
2026-08-24 21:38:50 [INFO] [main.py]   сохранено/обновлено: 20, помечено неактивными: 0
2026-08-24 21:38:50 [INFO] [main.py] [dou] поиск по 'motion designer'...
2026-08-24 21:38:50 [INFO] [main.py]   найдено 20 вакансий, добираю описания...
2026-08-24 21:42:03 [INFO] [main.py]   сохранено/обновлено: 20, помечено неактивными: 0
2026-08-24 21:42:03 [INFO] [main.py] [dou] поиск по '3d artist'...
2026-08-24 21:42:03 [INFO] [main.py]   найдено 11 вакансий, добираю описания...
2026-08-24 21:42:03 [INFO] [main.py]   сохранено/обновлено: 11, помечено неактивными: 0
2026-08-24 21:42:03 [INFO] [main.py] [dou] поиск по 'ілюстратор'...
2026-08-24 21:42:03 [INFO] [main.py]   найдено 3 вакансий, добираю описания...
2026-08-24 21:42:03 [INFO] [main.py]   сохранено/обновлено: 3, помечено неактивными: 0
2026-08-24 21:42:03 [INFO] [main.py] [dou] поиск по 'brand designer'...
2026-08-24 21:42:03 [INFO] [main.py]   найдено 6 вакансий, добираю описания...
2026-08-24 21:42:03 [INFO] [main.py]   сохранено/обновлено: 6, помечено неактивными: 0
2026-08-24 21:42:03 [INFO] [main.py] [dou] поиск по 'web designer'...
2026-08-24 21:42:03 [INFO] [main.py]   найдено 9 вакансий, добираю описания...
2026-08-24 21:42:03 [INFO] [main.py]   сохранено/обновлено: 9, помечено неактивными: 0
2026-08-24 21:42:03 [INFO] [main.py] [dou] поиск по 'recruiter'...
2026-08-24 21:42:03 [INFO] [main.py]   найдено 20 вакансий, добираю описания...
2026-08-24 21:42:03 [INFO] [main.py]   сохранено/обновлено: 20, помечено неактивными: 0
2026-08-24 21:42:03 [INFO] [main.py] [dou] поиск по 'it recruiter'...
2026-08-24 21:42:03 [INFO] [main.py]   найдено 16 вакансий, добираю описания...
2026-08-24 21:42:03 [INFO] [main.py]   сохранено/обновлено: 16, помечено неактивными: 0
2026-08-24 21:42:03 [INFO] [main.py] [dou] поиск по 'hr manager'...
2026-08-24 21:42:03 [INFO] [main.py]   найдено 20 вакансий, добираю описания...
2026-08-24 21:42:03 [INFO] [main.py]   сохранено/обновлено: 20, помечено неактивными: 0
2026-08-24 21:42:03 [INFO] [main.py] [dou] поиск по 'hr generalist'...
2026-08-24 21:42:03 [INFO] [main.py]   найдено 8 вакансий, добираю описания...
2026-08-24 21:42:03 [INFO] [main.py]   сохранено/обновлено: 8, помечено неактивными: 0
2026-08-24 21:42:03 [INFO] [main.py] [dou] поиск по 'hr business partner'...
2026-08-24 21:42:03 [INFO] [main.py]   найдено 16 вакансий, добираю описания...
2026-08-24 21:42:03 [INFO] [main.py]   сохранено/обновлено: 16, помечено неактивными: 0
2026-08-24 21:42:03 [INFO] [main.py] [dou] поиск по 'talent acquisition'...
2026-08-24 21:42:03 [INFO] [main.py]   найдено 20 вакансий, добираю описания...
2026-08-24 21:42:03 [INFO] [main.py]   сохранено/обновлено: 20, помечено неактивными: 0
2026-08-24 21:42:03 [INFO] [main.py] [dou] поиск по 'рекрутер'...
2026-08-24 21:42:03 [INFO] [main.py]   найдено 20 вакансий, добираю описания...
2026-08-24 21:42:03 [INFO] [main.py]   сохранено/обновлено: 20, помечено неактивными: 0
2026-08-24 21:42:03 [INFO] [main.py] [dou] поиск по 'кадровик'...
2026-08-24 21:42:03 [INFO] [main.py]   найдено 0 вакансий, добираю описания...
2026-08-24 21:42:03 [INFO] [main.py]   сохранено/обновлено: 0, помечено неактивными: 0
2026-08-24 21:42:03 [INFO] [main.py] [dou] поиск по 'office manager'...
2026-08-24 21:42:03 [INFO] [main.py]   найдено 20 вакансий, добираю описания...
2026-08-24 21:42:03 [INFO] [main.py]   сохранено/обновлено: 20, помечено неактивными: 0
2026-08-24 21:42:03 [INFO] [main.py] [dou] поиск по 'sales manager'...
2026-08-24 21:42:03 [INFO] [main.py]   найдено 20 вакансий, добираю описания...
2026-08-24 21:42:03 [INFO] [main.py]   сохранено/обновлено: 20, помечено неактивными: 0
2026-08-24 21:42:03 [INFO] [main.py] [dou] поиск по 'sales representative'...
2026-08-24 21:42:03 [INFO] [main.py]   найдено 20 вакансий, добираю описания...
2026-08-24 21:42:03 [INFO] [main.py]   сохранено/обновлено: 20, помечено неактивными: 0
2026-08-24 21:42:03 [INFO] [main.py] [dou] поиск по 'account manager'...
2026-08-24 21:42:03 [INFO] [main.py]   найдено 20 вакансий, добираю описания...
2026-08-24 21:42:03 [INFO] [main.py]   сохранено/обновлено: 20, помечено неактивными: 0
2026-08-24 21:42:03 [INFO] [main.py] [dou] поиск по 'key account manager'...
2026-08-24 21:42:03 [INFO] [main.py]   найдено 7 вакансий, добираю описания...
2026-08-24 21:42:03 [INFO] [main.py]   сохранено/обновлено: 7, помечено неактивными: 0
2026-08-24 21:42:03 [INFO] [main.py] [dou] поиск по 'business development manager'...
2026-08-24 21:42:03 [INFO] [main.py]   найдено 20 вакансий, добираю описания...
2026-08-24 21:42:03 [INFO] [main.py]   сохранено/обновлено: 20, помечено неактивными: 0
2026-08-24 21:42:03 [INFO] [main.py] [dou] поиск по 'customer support'...
2026-08-24 21:42:03 [INFO] [main.py]   найдено 20 вакансий, добираю описания...
2026-08-24 21:42:03 [INFO] [main.py]   сохранено/обновлено: 20, помечено неактивными: 0
2026-08-24 21:42:03 [INFO] [main.py] [dou] поиск по 'customer success manager'...
2026-08-24 21:42:03 [INFO] [main.py]   найдено 10 вакансий, добираю описания...
2026-08-24 21:42:03 [INFO] [main.py]   сохранено/обновлено: 10, помечено неактивными: 0
2026-08-24 21:42:03 [INFO] [main.py] [dou] поиск по 'call center operator'...
2026-08-24 21:42:03 [INFO] [main.py]   найдено 0 вакансий, добираю описания...
2026-08-24 21:42:03 [INFO] [main.py]   сохранено/обновлено: 0, помечено неактивными: 0
2026-08-24 21:42:03 [INFO] [main.py] [dou] поиск по 'менеджер з продажу'...
2026-08-24 21:42:03 [INFO] [main.py]   найдено 20 вакансий, добираю описания...
2026-08-24 21:42:03 [INFO] [main.py]   сохранено/обновлено: 20, помечено неактивными: 0
2026-08-24 21:42:03 [INFO] [main.py] [dou] поиск по 'торговий представник'...
2026-08-24 21:42:03 [INFO] [main.py]   найдено 0 вакансий, добираю описания...
2026-08-24 21:42:03 [INFO] [main.py]   сохранено/обновлено: 0, помечено неактивными: 0
2026-08-24 21:42:03 [INFO] [main.py] [dou] поиск по 'marketing manager'...
2026-08-24 21:42:03 [INFO] [main.py]   найдено 20 вакансий, добираю описания...
2026-08-24 21:42:03 [INFO] [main.py]   сохранено/обновлено: 20, помечено неактивными: 0
2026-08-24 21:42:03 [INFO] [main.py] [dou] поиск по 'digital marketing manager'...
2026-08-24 21:42:03 [INFO] [main.py]   найдено 6 вакансий, добираю описания...
2026-08-24 21:42:03 [INFO] [main.py]   сохранено/обновлено: 6, помечено неактивными: 0
2026-08-24 21:42:03 [INFO] [main.py] [dou] поиск по 'smm manager'...
2026-08-24 21:42:03 [INFO] [main.py]   найдено 20 вакансий, добираю описания...
2026-08-24 21:42:03 [INFO] [main.py]   сохранено/обновлено: 20, помечено неактивными: 0
2026-08-24 21:42:03 [INFO] [main.py] [dou] поиск по 'seo спеціаліст'...
2026-08-24 21:42:03 [INFO] [main.py]   найдено 20 вакансий, добираю описания...
2026-08-24 21:42:03 [INFO] [main.py]   сохранено/обновлено: 20, помечено неактивными: 0
2026-08-24 21:42:03 [INFO] [main.py] [dou] поиск по 'ppc спеціаліст'...
2026-08-24 21:42:03 [INFO] [main.py]   найдено 20 вакансий, добираю описания...
2026-08-24 21:42:03 [INFO] [main.py]   сохранено/обновлено: 20, помечено неактивными: 0
2026-08-24 21:42:03 [INFO] [main.py] [dou] поиск по 'content manager'...
2026-08-24 21:42:03 [INFO] [main.py]   найдено 20 вакансий, добираю описания...
2026-08-24 21:42:03 [INFO] [main.py]   сохранено/обновлено: 20, помечено неактивными: 0
2026-08-24 21:42:03 [INFO] [main.py] [dou] поиск по 'копірайтер'...
2026-08-24 21:42:03 [INFO] [main.py]   найдено 20 вакансий, добираю описания...
2026-08-24 21:42:03 [INFO] [main.py]   сохранено/обновлено: 20, помечено неактивными: 0
2026-08-24 21:42:03 [INFO] [main.py] [dou] поиск по 'редактор'...
2026-08-24 21:42:03 [INFO] [main.py]   найдено 9 вакансий, добираю описания...
2026-08-24 21:42:03 [INFO] [main.py]   сохранено/обновлено: 9, помечено неактивными: 0
2026-08-24 21:42:03 [INFO] [main.py] [dou] поиск по 'pr manager'...
2026-08-24 21:42:03 [INFO] [main.py]   найдено 14 вакансий, добираю описания...
2026-08-24 21:42:03 [INFO] [main.py]   сохранено/обновлено: 14, помечено неактивными: 0
2026-08-24 21:42:03 [INFO] [main.py] [dou] поиск по 'event manager'...
2026-08-24 21:42:03 [INFO] [main.py]   найдено 18 вакансий, добираю описания...
2026-08-24 21:42:03 [INFO] [main.py]   сохранено/обновлено: 18, помечено неактивными: 0
2026-08-24 21:42:03 [INFO] [main.py] [dou] поиск по 'бренд-менеджер'...
2026-08-24 21:42:03 [INFO] [main.py]   найдено 2 вакансий, добираю описания...
2026-08-24 21:42:03 [INFO] [main.py]   сохранено/обновлено: 2, помечено неактивными: 0
2026-08-24 21:42:03 [INFO] [main.py] [dou] поиск по 'бухгалтер'...
2026-08-24 21:42:03 [INFO] [main.py]   найдено 20 вакансий, добираю описания...
2026-08-24 21:42:03 [INFO] [main.py]   сохранено/обновлено: 20, помечено неактивными: 0
2026-08-24 21:42:03 [INFO] [main.py] [dou] поиск по 'головний бухгалтер'...
2026-08-24 21:42:03 [INFO] [main.py]   найдено 8 вакансий, добираю описания...
2026-08-24 21:42:03 [INFO] [main.py]   сохранено/обновлено: 8, помечено неактивными: 0
2026-08-24 21:42:03 [INFO] [main.py] [dou] поиск по 'фінансовий аналітик'...
2026-08-24 21:42:03 [INFO] [main.py]   найдено 18 вакансий, добираю описания...
2026-08-24 21:42:03 [INFO] [main.py]   сохранено/обновлено: 18, помечено неактивными: 0
2026-08-24 21:42:03 [INFO] [main.py] [dou] поиск по 'фінансовий директор'...
2026-08-24 21:42:03 [INFO] [main.py]   найдено 7 вакансий, добираю описания...
2026-08-24 21:42:03 [INFO] [main.py]   сохранено/обновлено: 7, помечено неактивными: 0
2026-08-24 21:42:03 [INFO] [main.py] [dou] поиск по 'економіст'...
2026-08-24 21:42:03 [INFO] [main.py]   найдено 4 вакансий, добираю описания...
2026-08-24 21:42:03 [INFO] [main.py]   сохранено/обновлено: 4, помечено неактивными: 0
2026-08-24 21:42:03 [INFO] [main.py] [dou] поиск по 'аудитор'...
2026-08-24 21:42:03 [INFO] [main.py]   найдено 4 вакансий, добираю описания...
2026-08-24 21:42:03 [INFO] [main.py]   сохранено/обновлено: 4, помечено неактивными: 0
2026-08-24 21:42:03 [INFO] [main.py] [dou] поиск по 'юрист'...
2026-08-24 21:42:03 [INFO] [main.py]   найдено 20 вакансий, добираю описания...
2026-08-24 21:42:03 [INFO] [main.py]   сохранено/обновлено: 20, помечено неактивными: 0
2026-08-24 21:42:03 [INFO] [main.py] [dou] поиск по 'юрисконсульт'...
2026-08-24 21:42:03 [INFO] [main.py]   найдено 20 вакансий, добираю описания...
2026-08-24 21:42:03 [INFO] [main.py]   сохранено/обновлено: 20, помечено неактивными: 0
2026-08-24 21:42:03 [INFO] [main.py] [dou] поиск по 'адвокат'...
2026-08-24 21:42:03 [INFO] [main.py]   найдено 1 вакансий, добираю описания...
2026-08-24 21:42:03 [INFO] [main.py]   сохранено/обновлено: 1, помечено неактивными: 0
2026-08-24 21:42:03 [INFO] [main.py] [dou] поиск по 'логіст'...
2026-08-24 21:42:03 [INFO] [main.py]   найдено 13 вакансий, добираю описания...
2026-08-24 21:42:03 [INFO] [main.py]   сохранено/обновлено: 13, помечено неактивными: 0
2026-08-24 21:42:03 [INFO] [main.py] [dou] поиск по 'менеджер з логістики'...
2026-08-24 21:42:03 [INFO] [main.py]   найдено 2 вакансий, добираю описания...
2026-08-24 21:42:03 [INFO] [main.py]   сохранено/обновлено: 2, помечено неактивными: 0
2026-08-24 21:42:03 [INFO] [main.py] [dou] поиск по 'диспетчер'...
2026-08-24 21:42:03 [INFO] [main.py]   найдено 0 вакансий, добираю описания...
2026-08-24 21:42:03 [INFO] [main.py]   сохранено/обновлено: 0, помечено неактивными: 0
2026-08-24 21:42:03 [INFO] [main.py] [dou] поиск по 'комірник'...
2026-08-24 21:42:03 [INFO] [main.py]   найдено 2 вакансий, добираю описания...
2026-08-24 21:42:03 [INFO] [main.py]   сохранено/обновлено: 2, помечено неактивными: 0
2026-08-24 21:42:03 [INFO] [main.py] [dou] поиск по 'водій'...
2026-08-24 21:42:03 [INFO] [main.py]   найдено 6 вакансий, добираю описания...
2026-08-24 21:42:03 [INFO] [main.py]   сохранено/обновлено: 6, помечено неактивными: 0
2026-08-24 21:42:03 [INFO] [main.py] [dou] поиск по 'водій категорії с'...
2026-08-24 21:42:03 [INFO] [main.py]   найдено 0 вакансий, добираю описания...
2026-08-24 21:42:03 [INFO] [main.py]   сохранено/обновлено: 0, помечено неактивными: 0
2026-08-24 21:42:03 [INFO] [main.py] [dou] поиск по 'кур'єр'...
2026-08-24 21:42:03 [INFO] [main.py]   найдено 0 вакансий, добираю описания...
2026-08-24 21:42:03 [INFO] [main.py]   сохранено/обновлено: 0, помечено неактивными: 0
2026-08-24 21:42:03 [INFO] [main.py] [dou] поиск по 'складський працівник'...
2026-08-24 21:42:03 [INFO] [main.py]   найдено 0 вакансий, добираю описания...
2026-08-24 21:42:03 [INFO] [main.py]   сохранено/обновлено: 0, помечено неактивными: 0
2026-08-24 21:42:03 [INFO] [main.py] [dou] поиск по 'менеджер зі закупівель'...
2026-08-24 21:42:03 [INFO] [main.py]   найдено 17 вакансий, добираю описания...
2026-08-24 21:42:03 [INFO] [main.py]   сохранено/обновлено: 17, помечено неактивными: 0
2026-08-24 21:42:03 [INFO] [main.py] [dou] поиск по 'procurement manager'...
2026-08-24 21:42:03 [INFO] [main.py]   найдено 17 вакансий, добираю описания...
2026-08-24 21:42:03 [INFO] [main.py]   сохранено/обновлено: 17, помечено неактивными: 0
2026-08-24 21:42:03 [INFO] [main.py] [dou] поиск по 'supply chain manager'...
2026-08-24 21:42:03 [INFO] [main.py]   найдено 0 вакансий, добираю описания...
2026-08-24 21:42:03 [INFO] [main.py]   сохранено/обновлено: 0, помечено неактивными: 0
2026-08-24 21:42:03 [INFO] [main.py] [dou] поиск по 'секретар'...
2026-08-24 21:42:03 [INFO] [main.py]   найдено 0 вакансий, добираю описания...
2026-08-24 21:42:03 [INFO] [main.py]   сохранено/обновлено: 0, помечено неактивными: 0
2026-08-24 21:42:03 [INFO] [main.py] [dou] поиск по 'адміністратор'...
2026-08-24 21:42:03 [INFO] [main.py]   найдено 20 вакансий, добираю описания...
2026-08-24 21:42:03 [INFO] [main.py]   сохранено/обновлено: 20, помечено неактивными: 0
2026-08-24 21:42:03 [INFO] [main.py] [dou] поиск по 'асистент керівника'...
2026-08-24 21:42:03 [INFO] [main.py]   найдено 3 вакансий, добираю описания...
2026-08-24 21:42:03 [INFO] [main.py]   сохранено/обновлено: 3, помечено неактивными: 0
2026-08-24 21:42:03 [INFO] [main.py] [dou] поиск по 'перекладач'...
2026-08-24 21:42:03 [INFO] [main.py]   найдено 2 вакансий, добираю описания...
2026-08-24 21:42:03 [INFO] [main.py]   сохранено/обновлено: 2, помечено неактивными: 0
2026-08-24 21:42:03 [INFO] [main.py] [dou] поиск по 'вчитель'...
2026-08-24 21:42:03 [INFO] [main.py]   найдено 20 вакансий, добираю описания...
2026-08-24 21:42:03 [INFO] [main.py]   сохранено/обновлено: 20, помечено неактивными: 0
2026-08-24 21:42:03 [INFO] [main.py] [dou] поиск по 'викладач'...
2026-08-24 21:42:03 [INFO] [main.py]   найдено 20 вакансий, добираю описания...
2026-08-24 21:42:03 [INFO] [main.py]   сохранено/обновлено: 20, помечено неактивными: 0
2026-08-24 21:42:03 [INFO] [main.py] [dou] поиск по 'репетитор'...
2026-08-24 21:42:03 [INFO] [main.py]   найдено 0 вакансий, добираю описания...
2026-08-24 21:42:03 [INFO] [main.py]   сохранено/обновлено: 0, помечено неактивными: 0
2026-08-24 21:42:03 [INFO] [main.py] [dou] поиск по 'вихователь'...
2026-08-24 21:42:03 [INFO] [main.py]   найдено 0 вакансий, добираю описания...
2026-08-24 21:42:03 [INFO] [main.py]   сохранено/обновлено: 0, помечено неактивными: 0
2026-08-24 21:42:03 [INFO] [main.py] [dou] поиск по 'лікар'...
2026-08-24 21:47:09 [INFO] [main.py]   найдено 0 вакансий, добираю описания...
2026-08-24 21:47:09 [INFO] [main.py]   сохранено/обновлено: 0, помечено неактивными: 0
2026-08-24 21:47:09 [INFO] [main.py] [dou] поиск по 'медсестра'...
2026-08-24 21:47:09 [INFO] [main.py]   найдено 1 вакансий, добираю описания...
2026-08-24 21:47:09 [INFO] [main.py]   сохранено/обновлено: 1, помечено неактивными: 0
2026-08-24 21:47:09 [INFO] [main.py] [dou] поиск по 'фармацевт'...
2026-08-24 21:47:09 [INFO] [main.py]   найдено 0 вакансий, добираю описания...
2026-08-24 21:47:09 [INFO] [main.py]   сохранено/обновлено: 0, помечено неактивными: 0
2026-08-24 21:47:09 [INFO] [main.py] [dou] поиск по 'провізор'...
2026-08-24 21:47:09 [INFO] [main.py]   найдено 0 вакансий, добираю описания...
2026-08-24 21:47:09 [INFO] [main.py]   сохранено/обновлено: 0, помечено неактивными: 0
2026-08-24 21:47:09 [INFO] [main.py] [dou] поиск по 'психолог'...
2026-08-24 21:47:09 [INFO] [main.py]   найдено 1 вакансий, добираю описания...
2026-08-24 21:47:09 [INFO] [main.py]   сохранено/обновлено: 1, помечено неактивными: 0
2026-08-24 21:47:09 [INFO] [main.py] [dou] поиск по 'менеджер готелю'...
2026-08-24 21:47:09 [INFO] [main.py]   найдено 0 вакансий, добираю описания...
2026-08-24 21:47:09 [INFO] [main.py]   сохранено/обновлено: 0, помечено неактивными: 0
2026-08-24 21:47:09 [INFO] [main.py] [dou] поиск по 'адміністратор готелю'...
2026-08-24 21:47:09 [INFO] [main.py]   найдено 0 вакансий, добираю описания...
2026-08-24 21:47:09 [INFO] [main.py]   сохранено/обновлено: 0, помечено неактивными: 0
2026-08-24 21:47:09 [INFO] [main.py] [dou] поиск по 'офіціант'...
2026-08-24 21:47:09 [INFO] [main.py]   найдено 0 вакансий, добираю описания...
2026-08-24 21:47:09 [INFO] [main.py]   сохранено/обновлено: 0, помечено неактивными: 0
2026-08-24 21:47:09 [INFO] [main.py] [dou] поиск по 'бармен'...
2026-08-24 21:47:09 [INFO] [main.py]   найдено 0 вакансий, добираю описания...
2026-08-24 21:47:09 [INFO] [main.py]   сохранено/обновлено: 0, помечено неактивными: 0
2026-08-24 21:47:09 [INFO] [main.py] [dou] поиск по 'кухар'...
2026-08-24 21:47:09 [INFO] [main.py]   найдено 1 вакансий, добираю описания...
2026-08-24 21:47:09 [INFO] [main.py]   сохранено/обновлено: 1, помечено неактивными: 0
2026-08-24 21:47:09 [INFO] [main.py] [dou] поиск по 'шеф-кухар'...
2026-08-24 21:47:09 [INFO] [main.py]   найдено 0 вакансий, добираю описания...
2026-08-24 21:47:09 [INFO] [main.py]   сохранено/обновлено: 0, помечено неактивными: 0
2026-08-24 21:47:09 [INFO] [main.py] [dou] поиск по 'пекар'...
2026-08-24 21:47:09 [INFO] [main.py]   найдено 0 вакансий, добираю описания...
2026-08-24 21:47:09 [INFO] [main.py]   сохранено/обновлено: 0, помечено неактивными: 0
2026-08-24 21:47:09 [INFO] [main.py] [dou] поиск по 'кондитер'...
2026-08-24 21:47:09 [INFO] [main.py]   найдено 0 вакансий, добираю описания...
2026-08-24 21:47:09 [INFO] [main.py]   сохранено/обновлено: 0, помечено неактивными: 0
2026-08-24 21:47:09 [INFO] [main.py] [dou] поиск по 'продавець-консультант'...
2026-08-24 21:47:09 [INFO] [main.py]   найдено 0 вакансий, добираю описания...
2026-08-24 21:47:09 [INFO] [main.py]   сохранено/обновлено: 0, помечено неактивными: 0
2026-08-24 21:47:09 [INFO] [main.py] [dou] поиск по 'касир'...
2026-08-24 21:47:09 [INFO] [main.py]   найдено 0 вакансий, добираю описания...
2026-08-24 21:47:09 [INFO] [main.py]   сохранено/обновлено: 0, помечено неактивными: 0
2026-08-24 21:47:09 [INFO] [main.py] [dou] поиск по 'директор магазину'...
2026-08-24 21:47:09 [INFO] [main.py]   найдено 0 вакансий, добираю описания...
2026-08-24 21:47:09 [INFO] [main.py]   сохранено/обновлено: 0, помечено неактивными: 0
2026-08-24 21:47:09 [INFO] [main.py] [dou] поиск по 'merchandiser'...
2026-08-24 21:47:09 [INFO] [main.py]   найдено 0 вакансий, добираю описания...
2026-08-24 21:47:09 [INFO] [main.py]   сохранено/обновлено: 0, помечено неактивными: 0
2026-08-24 21:47:09 [INFO] [main.py] [dou] поиск по 'мерчандайзер'...
2026-08-24 21:47:09 [INFO] [main.py]   найдено 0 вакансий, добираю описания...
2026-08-24 21:47:09 [INFO] [main.py]   сохранено/обновлено: 0, помечено неактивными: 0
2026-08-24 21:47:09 [INFO] [main.py] [dou] поиск по 'охоронець'...
2026-08-24 21:47:09 [INFO] [main.py]   найдено 0 вакансий, добираю описания...
2026-08-24 21:47:09 [INFO] [main.py]   сохранено/обновлено: 0, помечено неактивными: 0
2026-08-24 21:47:09 [INFO] [main.py] [dou] поиск по 'прибиральниця'...
2026-08-24 21:47:09 [INFO] [main.py]   найдено 0 вакансий, добираю описания...
2026-08-24 21:47:09 [INFO] [main.py]   сохранено/обновлено: 0, помечено неактивными: 0
2026-08-24 21:47:09 [INFO] [main.py] [dou] поиск по 'electrician'...
2026-08-24 21:47:09 [INFO] [main.py]   найдено 1 вакансий, добираю описания...
2026-08-24 21:47:09 [INFO] [main.py]   сохранено/обновлено: 1, помечено неактивными: 0
2026-08-24 21:47:09 [INFO] [main.py] [dou] поиск по 'electric technician'...
2026-08-24 21:47:09 [INFO] [main.py]   найдено 0 вакансий, добираю описания...
2026-08-24 21:47:09 [INFO] [main.py]   сохранено/обновлено: 0, помечено неактивными: 0
2026-08-24 21:47:09 [INFO] [main.py] [dou] поиск по 'слюсар'...
2026-08-24 21:47:09 [INFO] [main.py]   найдено 2 вакансий, добираю описания...
2026-08-24 21:47:09 [INFO] [main.py]   сохранено/обновлено: 2, помечено неактивными: 0
2026-08-24 21:47:09 [INFO] [main.py] [dou] поиск по 'зварювальник'...
2026-08-24 21:47:09 [INFO] [main.py]   найдено 0 вакансий, добираю описания...
2026-08-24 21:47:09 [INFO] [main.py]   сохранено/обновлено: 0, помечено неактивными: 0
2026-08-24 21:47:09 [INFO] [main.py] [dou] поиск по 'будівельник'...
2026-08-24 21:47:09 [INFO] [main.py]   найдено 2 вакансий, добираю описания...
2026-08-24 21:47:09 [INFO] [main.py]   сохранено/обновлено: 2, помечено неактивными: 0
2026-08-24 21:47:09 [INFO] [main.py] [dou] поиск по 'прораб'...
2026-08-24 21:47:09 [INFO] [main.py]   найдено 0 вакансий, добираю описания...
2026-08-24 21:47:09 [INFO] [main.py]   сохранено/обновлено: 0, помечено неактивными: 0
2026-08-24 21:47:09 [INFO] [main.py] [dou] поиск по 'architect'...
2026-08-24 21:47:09 [INFO] [main.py]   найдено 20 вакансий, добираю описания...
2026-08-24 21:47:09 [INFO] [main.py]   сохранено/обновлено: 20, помечено неактивными: 0
2026-08-24 21:47:09 [INFO] [main.py] [dou] поиск по 'архітектор'...
2026-08-24 21:47:09 [INFO] [main.py]   найдено 20 вакансий, добираю описания...
2026-08-24 21:47:09 [INFO] [main.py]   сохранено/обновлено: 20, помечено неактивными: 0
2026-08-24 21:47:09 [INFO] [main.py] [dou] поиск по 'інженер-конструктор'...
2026-08-24 21:47:09 [INFO] [main.py]   найдено 20 вакансий, добираю описания...
2026-08-24 21:47:09 [INFO] [main.py]   сохранено/обновлено: 20, помечено неактивными: 0
2026-08-24 21:47:09 [INFO] [main.py] [dou] поиск по 'інженер-технолог'...
2026-08-24 21:47:09 [INFO] [main.py]   найдено 11 вакансий, добираю описания...
2026-08-24 21:47:09 [INFO] [main.py]   сохранено/обновлено: 11, помечено неактивными: 0
2026-08-24 21:47:09 [INFO] [main.py] [dou] поиск по 'інженер з якості'...
2026-08-24 21:47:09 [INFO] [main.py]   найдено 20 вакансий, добираю описания...
2026-08-24 21:47:09 [INFO] [main.py]   сохранено/обновлено: 20, помечено неактивными: 0
2026-08-24 21:47:09 [INFO] [main.py] [dou] поиск по 'quality engineer'...
2026-08-24 21:47:09 [INFO] [main.py]   найдено 20 вакансий, добираю описания...
2026-08-24 21:47:09 [INFO] [main.py]   сохранено/обновлено: 20, помечено неактивными: 0
2026-08-24 21:47:09 [INFO] [main.py] [dou] поиск по 'process engineer'...
2026-08-24 21:47:09 [INFO] [main.py]   найдено 6 вакансий, добираю описания...
2026-08-24 21:47:09 [INFO] [main.py]   сохранено/обновлено: 6, помечено неактивными: 0
2026-08-24 21:47:09 [INFO] [main.py] [dou] поиск по 'виробничий інженер'...
2026-08-24 21:47:09 [INFO] [main.py]   найдено 0 вакансий, добираю описания...
2026-08-24 21:47:09 [INFO] [main.py]   сохранено/обновлено: 0, помечено неактивными: 0
2026-08-24 21:47:09 [INFO] [main.py] [dou] поиск по 'оператор верстата з чпу'...
2026-08-24 21:47:09 [INFO] [main.py]   найдено 0 вакансий, добираю описания...
2026-08-24 21:47:09 [INFO] [main.py]   сохранено/обновлено: 0, помечено неактивными: 0
2026-08-24 21:47:09 [INFO] [main.py] [dou] поиск по 'складальник'...
2026-08-24 21:47:09 [INFO] [main.py]   найдено 4 вакансий, добираю описания...
2026-08-24 21:47:09 [INFO] [main.py]   сохранено/обновлено: 4, помечено неактивными: 0
2026-08-24 21:47:09 [INFO] [main.py] [dou] поиск по 'швея'...
2026-08-24 21:47:09 [INFO] [main.py]   найдено 0 вакансий, добираю описания...
2026-08-24 21:47:09 [INFO] [main.py]   сохранено/обновлено: 0, помечено неактивными: 0
2026-08-24 21:47:09 [INFO] [main.py] [dou] поиск по 'кравець'...
2026-08-24 21:47:09 [INFO] [main.py]   найдено 0 вакансий, добираю описания...
2026-08-24 21:47:09 [INFO] [main.py]   сохранено/обновлено: 0, помечено неактивными: 0
2026-08-24 21:47:09 [INFO] [main.py] [dou] поиск по 'косметолог'...
2026-08-24 21:47:09 [INFO] [main.py]   найдено 0 вакансий, добираю описания...
2026-08-24 21:47:09 [INFO] [main.py]   сохранено/обновлено: 0, помечено неактивными: 0
2026-08-24 21:47:09 [INFO] [main.py] [dou] поиск по 'візажист'...
2026-08-24 21:47:09 [INFO] [main.py]   найдено 0 вакансий, добираю описания...
2026-08-24 21:47:09 [INFO] [main.py]   сохранено/обновлено: 0, помечено неактивными: 0
2026-08-24 21:47:09 [INFO] [main.py] [dou] поиск по 'перукар'...
2026-08-24 21:47:09 [INFO] [main.py]   найдено 0 вакансий, добираю описания...
2026-08-24 21:47:09 [INFO] [main.py]   сохранено/обновлено: 0, помечено неактивными: 0
2026-08-24 21:47:09 [INFO] [main.py] [dou] поиск по 'масажист'...
2026-08-24 21:47:09 [INFO] [main.py]   найдено 0 вакансий, добираю описания...
2026-08-24 21:47:09 [INFO] [main.py]   сохранено/обновлено: 0, помечено неактивными: 0
2026-08-24 21:47:09 [INFO] [main.py] [dou] поиск по 'фітнес-тренер'...
2026-08-24 21:47:09 [INFO] [main.py]   найдено 0 вакансий, добираю описания...
2026-08-24 21:47:09 [INFO] [main.py]   сохранено/обновлено: 0, помечено неактивными: 0
2026-08-24 21:47:09 [INFO] [main.py] [dou] поиск по 'менеджер з туризму'...
2026-08-24 21:47:09 [INFO] [main.py]   найдено 0 вакансий, добираю описания...
2026-08-24 21:47:09 [INFO] [main.py]   сохранено/обновлено: 0, помечено неактивными: 0
2026-08-24 21:47:09 [INFO] [main.py] [dou] поиск по 'travel manager'...
2026-08-24 21:47:09 [INFO] [main.py]   найдено 2 вакансий, добираю описания...
2026-08-24 21:47:09 [INFO] [main.py]   сохранено/обновлено: 2, помечено неактивными: 0
2026-08-24 21:47:09 [INFO] [main.py] [dou] поиск по 'event coordinator'...
2026-08-24 21:47:09 [INFO] [main.py]   найдено 0 вакансий, добираю описания...
2026-08-24 21:47:09 [INFO] [main.py]   сохранено/обновлено: 0, помечено неактивными: 0
2026-08-24 21:47:09 [INFO] [main.py] [dou] поиск по 'customer service representative'...
2026-08-24 21:47:09 [INFO] [main.py]   найдено 0 вакансий, добираю описания...
2026-08-24 21:47:09 [INFO] [main.py]   сохранено/обновлено: 0, помечено неактивными: 0
2026-08-24 21:47:09 [INFO] [main.py] [dou] поиск по 'back office'...
2026-08-24 21:47:09 [INFO] [main.py]   найдено 0 вакансий, добираю описания...
2026-08-24 21:47:09 [INFO] [main.py]   сохранено/обновлено: 0, помечено неактивными: 0
2026-08-24 21:47:09 [INFO] [main.py] [dou] поиск по 'office assistant'...
2026-08-24 21:47:09 [INFO] [main.py]   найдено 9 вакансий, добираю описания...
2026-08-24 21:47:09 [INFO] [main.py]   сохранено/обновлено: 9, помечено неактивными: 0
2026-08-24 21:47:09 [INFO] [main.py] [dou] поиск по 'data entry'...
2026-08-24 21:47:09 [INFO] [main.py]   найдено 2 вакансий, добираю описания...
2026-08-24 21:47:09 [INFO] [main.py]   сохранено/обновлено: 2, помечено неактивными: 0
2026-08-24 21:47:09 [INFO] [main.py] [dou] поиск по 'оператор call-центру'...
2026-08-24 21:47:09 [INFO] [main.py]   найдено 0 вакансий, добираю описания...
2026-08-24 21:47:09 [INFO] [main.py]   сохранено/обновлено: 0, помечено неактивными: 0
2026-08-24 21:47:09 [INFO] [main.py] [dou] поиск по 'outbound sales'...
2026-08-24 21:47:09 [INFO] [main.py]   найдено 7 вакансий, добираю описания...
2026-08-24 21:47:09 [INFO] [main.py]   сохранено/обновлено: 7, помечено неактивными: 0
2026-08-24 21:47:09 [INFO] [main.py] [dou] поиск по 'inbound sales'...
2026-08-24 21:47:09 [INFO] [main.py]   найдено 1 вакансий, добираю описания...
2026-08-24 21:47:09 [INFO] [main.py]   сохранено/обновлено: 1, помечено неактивными: 0
2026-08-24 21:47:09 [INFO] [main.py] [dou] поиск по 'territory manager'...
2026-08-24 21:47:09 [INFO] [main.py]   найдено 1 вакансий, добираю описания...
2026-08-24 21:47:09 [INFO] [main.py]   сохранено/обновлено: 1, помечено неактивными: 0
2026-08-24 21:47:09 [INFO] [main.py] [dou] поиск по 'regional manager'...
2026-08-24 21:47:09 [INFO] [main.py]   найдено 0 вакансий, добираю описания...
2026-08-24 21:47:09 [INFO] [main.py]   сохранено/обновлено: 0, помечено неактивными: 0
2026-08-24 21:47:09 [INFO] [main.py] [dou] поиск по 'retail manager'...
2026-08-24 21:47:09 [INFO] [main.py]   найдено 2 вакансий, добираю описания...
2026-08-24 21:47:09 [INFO] [main.py]   сохранено/обновлено: 2, помечено неактивными: 0
2026-08-24 21:47:09 [INFO] [main.py] [dou] поиск по 'store manager'...
2026-08-24 21:47:09 [INFO] [main.py]   найдено 0 вакансий, добираю описания...
2026-08-24 21:47:09 [INFO] [main.py]   сохранено/обновлено: 0, помечено неактивными: 0
2026-08-24 21:47:09 [INFO] [main.py] [dou] поиск по 'warehouse manager'...
2026-08-24 21:47:09 [INFO] [main.py]   найдено 1 вакансий, добираю описания...
2026-08-24 21:47:09 [INFO] [main.py]   сохранено/обновлено: 1, помечено неактивными: 0
2026-08-24 21:47:09 [INFO] [main.py] [dou] поиск по 'fleet manager'...
2026-08-24 21:47:09 [INFO] [main.py]   найдено 0 вакансий, добираю описания...
2026-08-24 21:47:09 [INFO] [main.py]   сохранено/обновлено: 0, помечено неактивными: 0
2026-08-24 21:47:09 [INFO] [main.py] [dou] поиск по 'insurance agent'...
2026-08-24 21:47:09 [INFO] [main.py]   найдено 0 вакансий, добираю описания...
2026-08-24 21:47:09 [INFO] [main.py]   сохранено/обновлено: 0, помечено неактивными: 0
2026-08-24 21:47:09 [INFO] [main.py] [dou] поиск по 'страховий агент'...
2026-08-24 21:47:09 [INFO] [main.py]   найдено 0 вакансий, добираю описания...
2026-08-24 21:47:09 [INFO] [main.py]   сохранено/обновлено: 0, помечено неактивными: 0
2026-08-24 21:47:09 [INFO] [main.py] [dou] поиск по 'менеджер з нерухомості'...
2026-08-24 21:47:09 [INFO] [main.py]   найдено 0 вакансий, добираю описания...
2026-08-24 21:47:09 [INFO] [main.py]   сохранено/обновлено: 0, помечено неактивными: 0
2026-08-24 21:47:09 [INFO] [main.py] [dou] поиск по 'рієлтор'...
2026-08-24 21:47:09 [INFO] [main.py]   найдено 0 вакансий, добираю описания...
2026-08-24 21:47:09 [INFO] [main.py]   сохранено/обновлено: 0, помечено неактивными: 0
2026-08-24 21:47:09 [INFO] [main.py] [dou] поиск по 'agronomist'...
2026-08-24 21:47:09 [INFO] [main.py]   найдено 0 вакансий, добираю описания...
2026-08-24 21:56:17 [INFO] [main.py]   сохранено/обновлено: 0, помечено неактивными: 0
2026-08-24 21:56:17 [INFO] [main.py] [dou] поиск по 'агроном'...
2026-08-24 21:56:17 [INFO] [main.py]   найдено 0 вакансий, добираю описания...
2026-08-24 21:56:17 [INFO] [main.py]   сохранено/обновлено: 0, помечено неактивными: 0
2026-08-24 21:56:17 [INFO] [main.py] [dou] поиск по 'ветеринар'...
2026-08-24 21:56:17 [INFO] [main.py]   найдено 0 вакансий, добираю описания...
2026-08-24 21:56:17 [INFO] [main.py]   сохранено/обновлено: 0, помечено неактивными: 0
2026-08-24 21:56:17 [INFO] [main.py] [dou] поиск по 'inspector'...
2026-08-24 21:56:17 [INFO] [main.py]   найдено 13 вакансий, добираю описания...
2026-08-24 21:56:17 [INFO] [main.py]   сохранено/обновлено: 13, помечено неактивными: 0
2026-08-24 21:56:17 [INFO] [main.py] [dou] поиск по 'контролер якості'...
2026-08-24 21:56:17 [INFO] [main.py]   найдено 1 вакансий, добираю описания...
2026-08-24 21:56:17 [INFO] [main.py]   сохранено/обновлено: 1, помечено неактивными: 0
2026-08-24 21:56:17 [INFO] [main.py] [dou] поиск по 'technical recruiter'...
2026-08-24 21:56:17 [INFO] [main.py]   найдено 20 вакансий, добираю описания...
2026-08-24 21:56:17 [INFO] [main.py]   сохранено/обновлено: 20, помечено неактивными: 0
2026-08-24 21:56:17 [INFO] [main.py] [dou] поиск по 'payroll specialist'...
2026-08-24 21:56:17 [INFO] [main.py]   найдено 0 вакансий, добираю описания...
2026-08-24 21:56:17 [INFO] [main.py]   сохранено/обновлено: 0, помечено неактивными: 0
2026-08-24 21:56:17 [INFO] [main.py] [dou] поиск по 'compensation and benefits'...
2026-08-24 21:56:17 [INFO] [main.py]   найдено 2 вакансий, добираю описания...
2026-08-24 21:56:17 [INFO] [main.py]   сохранено/обновлено: 2, помечено неактивными: 0
2026-08-24 21:56:17 [INFO] [main.py] [dou] поиск по 'learning and development'...
2026-08-24 21:56:17 [INFO] [main.py]   найдено 2 вакансий, добираю описания...
2026-08-24 21:56:17 [INFO] [main.py]   сохранено/обновлено: 2, помечено неактивными: 0
2026-08-24 21:56:17 [INFO] [main.py] [dou] поиск по 'office coordinator'...
2026-08-24 21:56:17 [INFO] [main.py]   найдено 1 вакансий, добираю описания...
2026-08-24 21:56:17 [INFO] [main.py]   сохранено/обновлено: 1, помечено неактивными: 0
2026-08-24 21:56:17 [INFO] [main.py] [dou] поиск по 'executive assistant'...
2026-08-24 21:56:17 [INFO] [main.py]   найдено 14 вакансий, добираю описания...
2026-08-24 21:56:17 [INFO] [main.py]   сохранено/обновлено: 14, помечено неактивными: 0
2026-08-24 21:56:17 [INFO] [main.py] [dou] поиск по 'personal assistant'...
2026-08-24 21:56:17 [INFO] [main.py]   найдено 4 вакансий, добираю описания...
2026-08-24 21:56:17 [INFO] [main.py]   сохранено/обновлено: 4, помечено неактивными: 0
2026-08-24 21:56:17 [INFO] [main.py] [dou] поиск по 'finance manager'...
2026-08-24 21:56:17 [INFO] [main.py]   найдено 20 вакансий, добираю описания...
2026-08-24 21:56:17 [INFO] [main.py]   сохранено/обновлено: 20, помечено неактивными: 0
2026-08-24 21:56:17 [INFO] [main.py] [dou] поиск по 'treasury analyst'...
2026-08-24 21:56:17 [INFO] [main.py]   найдено 0 вакансий, добираю описания...
2026-08-24 21:56:17 [INFO] [main.py]   сохранено/обновлено: 0, помечено неактивными: 0
2026-08-24 21:56:17 [INFO] [main.py] [dou] поиск по 'credit analyst'...
2026-08-24 21:56:17 [INFO] [main.py]   найдено 1 вакансий, добираю описания...
2026-08-24 21:56:17 [INFO] [main.py]   сохранено/обновлено: 1, помечено неактивными: 0
2026-08-24 21:56:17 [INFO] [main.py] [dou] поиск по 'risk manager'...
2026-08-24 21:56:17 [INFO] [main.py]   найдено 15 вакансий, добираю описания...
2026-08-24 21:56:17 [INFO] [main.py]   сохранено/обновлено: 15, помечено неактивными: 0
2026-08-24 21:56:17 [INFO] [main.py] [dou] поиск по 'compliance officer'...
2026-08-24 21:56:17 [INFO] [main.py]   найдено 4 вакансий, добираю описания...
2026-08-24 21:56:17 [INFO] [main.py]   сохранено/обновлено: 4, помечено неактивными: 0
2026-08-24 21:56:17 [INFO] [main.py] [dou] поиск по 'внутрішній аудитор'...
2026-08-24 21:56:17 [INFO] [main.py]   найдено 0 вакансий, добираю описания...
2026-08-24 21:56:17 [INFO] [main.py]   сохранено/обновлено: 0, помечено неактивными: 0
2026-08-24 21:56:17 [INFO] [main.py] [dou] поиск по 'tax specialist'...
2026-08-24 21:56:17 [INFO] [main.py]   найдено 0 вакансий, добираю описания...
2026-08-24 21:56:17 [INFO] [main.py]   сохранено/обновлено: 0, помечено неактивными: 0
2026-08-24 21:56:17 [INFO] [main.py] [dou] поиск по 'податковий консультант'...
2026-08-24 21:56:17 [INFO] [main.py]   найдено 0 вакансий, добираю описания...
2026-08-24 21:56:17 [INFO] [main.py]   сохранено/обновлено: 0, помечено неактивными: 0
2026-08-24 21:56:17 [INFO] [main.py] [dou] поиск по 'export manager'...
2026-08-24 21:56:17 [INFO] [main.py]   найдено 3 вакансий, добираю описания...
2026-08-24 21:56:17 [INFO] [main.py]   сохранено/обновлено: 3, помечено неактивными: 0
2026-08-24 21:56:17 [INFO] [main.py] [dou] поиск по 'import manager'...
2026-08-24 21:56:17 [INFO] [main.py]   найдено 0 вакансий, добираю описания...
2026-08-24 21:56:17 [INFO] [main.py]   сохранено/обновлено: 0, помечено неактивными: 0
2026-08-24 21:56:17 [INFO] [main.py] [dou] поиск по 'zed manager'...
2026-08-24 21:56:17 [INFO] [main.py]   найдено 0 вакансий, добираю описания...
2026-08-24 21:56:17 [INFO] [main.py]   сохранено/обновлено: 0, помечено неактивными: 0
2026-08-24 21:56:17 [INFO] [main.py] [dou] поиск по 'менеджер зовнішньоекономічної діяльності'...
2026-08-24 21:56:17 [INFO] [main.py]   найдено 0 вакансий, добираю описания...
2026-08-24 21:56:17 [INFO] [main.py]   сохранено/обновлено: 0, помечено неактивными: 0
2026-08-24 21:56:17 [INFO] [main.py] [dou] поиск по 'remote job'...
2026-08-24 21:56:17 [INFO] [main.py]   найдено 1 вакансий, добираю описания...
2026-08-24 21:56:17 [INFO] [main.py]   сохранено/обновлено: 1, помечено неактивными: 0
2026-08-24 21:56:17 [INFO] [main.py] [dou] поиск по 'робота віддалено'...
2026-08-24 21:56:17 [INFO] [main.py]   найдено 0 вакансий, добираю описания...
2026-08-24 21:56:17 [INFO] [main.py]   сохранено/обновлено: 0, помечено неактивными: 0
2026-08-24 21:56:17 [INFO] [main.py] [dou] поиск по 'part-time job'...
2026-08-24 21:56:17 [INFO] [main.py]   найдено 0 вакансий, добираю описания...
2026-08-24 21:56:17 [INFO] [main.py]   сохранено/обновлено: 0, помечено неактивными: 0
2026-08-24 21:56:17 [INFO] [main.py] [dou] поиск по 'підробіток'...
2026-08-24 21:56:17 [INFO] [main.py]   найдено 0 вакансий, добираю описания...
2026-08-24 21:56:17 [INFO] [main.py]   сохранено/обновлено: 0, помечено неактивными: 0
2026-08-24 21:56:17 [INFO] [main.py] [dou] поиск по 'freelance'...
2026-08-24 21:56:17 [INFO] [main.py]   найдено 20 вакансий, добираю описания...
2026-08-24 21:56:17 [INFO] [main.py]   сохранено/обновлено: 20, помечено неактивными: 0
2026-08-24 21:56:17 [INFO] [main.py] [dou] поиск по 'фрілансер'...
2026-08-24 21:56:17 [INFO] [main.py]   найдено 20 вакансий, добираю описания...
2026-08-24 21:56:17 [INFO] [main.py]   сохранено/обновлено: 20, помечено неактивными: 0
2026-08-24 21:56:17 [INFO] [main.py] [dou] поиск по 'стажування'...
2026-08-24 21:56:17 [INFO] [main.py]   найдено 20 вакансий, добираю описания...
2026-08-24 21:56:17 [INFO] [main.py]   сохранено/обновлено: 20, помечено неактивными: 0
2026-08-24 21:56:17 [INFO] [main.py] [dou] поиск по 'internship'...
2026-08-24 21:56:17 [INFO] [main.py]   найдено 6 вакансий, добираю описания...
2026-08-24 21:56:17 [INFO] [main.py]   сохранено/обновлено: 6, помечено неактивными: 0
2026-08-24 21:56:17 [INFO] [main.py] [dou] поиск по 'junior developer'...
2026-08-24 21:56:17 [INFO] [main.py]   найдено 20 вакансий, добираю описания...
2026-08-24 21:56:17 [INFO] [main.py]   сохранено/обновлено: 20, помечено неактивными: 0
2026-08-24 21:56:17 [INFO] [main.py] [dou] поиск по 'middle developer'...
2026-08-24 21:56:17 [INFO] [main.py]   найдено 20 вакансий, добираю описания...
2026-08-24 21:56:17 [INFO] [main.py]   сохранено/обновлено: 20, помечено неактивными: 0
2026-08-24 21:56:17 [INFO] [main.py] [dou] поиск по 'senior developer'...
2026-08-24 21:56:17 [INFO] [main.py]   найдено 20 вакансий, добираю описания...
2026-08-24 21:56:17 [INFO] [main.py]   сохранено/обновлено: 20, помечено неактивными: 0
2026-08-24 21:56:17 [INFO] [main.py] [dou] поиск по 'tech lead'...
2026-08-24 21:56:17 [INFO] [main.py]   найдено 20 вакансий, добираю описания...
2026-08-24 21:56:17 [INFO] [main.py]   сохранено/обновлено: 20, помечено неактивными: 0
2026-08-24 21:56:17 [INFO] [main.py] [dou] поиск по 'engineering manager'...
2026-08-24 21:56:17 [INFO] [main.py]   найдено 20 вакансий, добираю описания...
2026-08-24 21:56:17 [INFO] [main.py]   сохранено/обновлено: 20, помечено неактивными: 0
2026-08-24 21:56:17 [INFO] [main.py] [dou] поиск по 'cto'...
2026-08-24 21:56:17 [INFO] [main.py]   найдено 5 вакансий, добираю описания...
2026-08-24 21:56:17 [INFO] [main.py]   сохранено/обновлено: 5, помечено неактивными: 0
2026-08-24 21:56:17 [INFO] [main.py] [dou] поиск по 'chief technology officer'...
2026-08-24 21:56:17 [INFO] [main.py]   найдено 5 вакансий, добираю описания...
2026-08-24 21:56:17 [INFO] [main.py]   сохранено/обновлено: 5, помечено неактивными: 0
2026-08-24 21:56:17 [INFO] [main.py] [djinni] поиск по 'python розробник'...
2026-08-24 21:56:17 [INFO] [main.py]   найдено 3 вакансий, добираю описания...
2026-08-24 21:56:17 [INFO] [main.py]   сохранено/обновлено: 3, помечено неактивными: 0
2026-08-24 21:56:17 [INFO] [main.py] [djinni] поиск по 'javascript розробник'...
2026-08-24 21:56:17 [INFO] [main.py]   найдено 0 вакансий, добираю описания...
2026-08-24 21:56:17 [INFO] [main.py]   сохранено/обновлено: 0, помечено неактивными: 0
2026-08-24 21:56:17 [INFO] [main.py] [djinni] поиск по 'typescript розробник'...
2026-08-24 21:56:17 [INFO] [main.py]   найдено 0 вакансий, добираю описания...
2026-08-24 21:56:17 [INFO] [main.py]   сохранено/обновлено: 0, помечено неактивными: 0
2026-08-24 21:56:17 [INFO] [main.py] [djinni] поиск по 'frontend розробник'...
2026-08-24 21:56:17 [INFO] [main.py]   найдено 0 вакансий, добираю описания...
2026-08-24 21:56:17 [INFO] [main.py]   сохранено/обновлено: 0, помечено неактивными: 0
2026-08-24 21:56:17 [INFO] [main.py] [djinni] поиск по 'backend розробник'...
2026-08-24 21:56:17 [INFO] [main.py]   найдено 0 вакансий, добираю описания...
2026-08-24 21:56:17 [INFO] [main.py]   сохранено/обновлено: 0, помечено неактивными: 0
2026-08-24 21:56:17 [INFO] [main.py] [djinni] поиск по 'fullstack розробник'...
2026-08-24 21:56:17 [INFO] [main.py]   найдено 2 вакансий, добираю описания...
2026-08-24 21:56:17 [INFO] [main.py]   сохранено/обновлено: 2, помечено неактивными: 0
2026-08-24 21:56:17 [INFO] [main.py] [djinni] поиск по 'java розробник'...
2026-08-24 21:56:17 [INFO] [main.py]   найдено 1 вакансий, добираю описания...
2026-08-24 21:56:17 [INFO] [main.py]   сохранено/обновлено: 1, помечено неактивными: 0
2026-08-24 21:56:17 [INFO] [main.py] [djinni] поиск по 'php розробник'...
2026-08-24 21:56:17 [INFO] [main.py]   найдено 1 вакансий, добираю описания...
2026-08-24 21:56:17 [INFO] [main.py]   сохранено/обновлено: 1, помечено неактивными: 0
2026-08-24 21:56:17 [INFO] [main.py] [djinni] поиск по '.net розробник'...
2026-08-24 21:56:17 [INFO] [main.py]   найдено 2 вакансий, добираю описания...
2026-08-24 21:56:17 [INFO] [main.py]   сохранено/обновлено: 2, помечено неактивными: 0
2026-08-24 21:56:17 [INFO] [main.py] [djinni] поиск по 'c++ розробник'...
2026-08-24 21:56:17 [INFO] [main.py]   найдено 2 вакансий, добираю описания...
2026-08-24 21:56:17 [INFO] [main.py]   сохранено/обновлено: 2, помечено неактивными: 0
2026-08-24 21:56:17 [INFO] [main.py] [djinni] поиск по 'c# розробник'...
2026-08-24 21:56:17 [INFO] [main.py]   найдено 1 вакансий, добираю описания...
2026-08-24 21:56:17 [INFO] [main.py]   сохранено/обновлено: 1, помечено неактивными: 0
2026-08-24 21:56:17 [INFO] [main.py] [djinni] поиск по 'golang розробник'...
2026-08-24 21:56:17 [INFO] [main.py]   найдено 0 вакансий, добираю описания...
2026-08-24 21:56:17 [INFO] [main.py]   сохранено/обновлено: 0, помечено неактивными: 0
2026-08-24 21:56:17 [INFO] [main.py] [djinni] поиск по 'ruby розробник'...
2026-08-24 21:56:17 [INFO] [main.py]   найдено 0 вакансий, добираю описания...
2026-08-24 21:56:17 [INFO] [main.py]   сохранено/обновлено: 0, помечено неактивными: 0
2026-08-24 21:56:17 [INFO] [main.py] [djinni] поиск по 'react developer'...
2026-08-24 21:56:17 [INFO] [main.py]   найдено 20 вакансий, добираю описания...
2026-08-24 21:56:17 [INFO] [main.py]   сохранено/обновлено: 20, помечено неактивными: 0
2026-08-24 21:56:17 [INFO] [main.py] [djinni] поиск по 'vue developer'...
2026-08-24 21:56:17 [INFO] [main.py]   найдено 18 вакансий, добираю описания...
2026-08-24 21:56:17 [INFO] [main.py]   сохранено/обновлено: 18, помечено неактивными: 0
2026-08-24 21:56:17 [INFO] [main.py] [djinni] поиск по 'angular developer'...
2026-08-24 21:56:17 [INFO] [main.py]   найдено 20 вакансий, добираю описания...
2026-08-24 21:56:17 [INFO] [main.py]   сохранено/обновлено: 20, помечено неактивными: 0
2026-08-24 21:56:17 [INFO] [main.py] [djinni] поиск по 'node.js developer'...
2026-08-24 21:56:17 [INFO] [main.py]   найдено 20 вакансий, добираю описания...
2026-08-24 21:56:17 [INFO] [main.py]   сохранено/обновлено: 20, помечено неактивными: 0
2026-08-24 21:56:17 [INFO] [main.py] [djinni] поиск по 'android developer'...
2026-08-24 21:56:17 [INFO] [main.py]   найдено 20 вакансий, добираю описания...
2026-08-24 21:56:17 [INFO] [main.py]   сохранено/обновлено: 20, помечено неактивными: 0
2026-08-24 21:56:17 [INFO] [main.py] [djinni] поиск по 'ios developer'...
2026-08-24 21:56:17 [INFO] [main.py]   найдено 5 вакансий, добираю описания...
2026-08-24 21:56:17 [INFO] [main.py]   сохранено/обновлено: 5, помечено неактивными: 0
2026-08-24 21:56:17 [INFO] [main.py] [djinni] поиск по 'mobile developer'...
2026-08-24 21:56:17 [INFO] [main.py]   найдено 20 вакансий, добираю описания...
2026-08-24 21:56:17 [INFO] [main.py]   сохранено/обновлено: 20, помечено неактивными: 0
2026-08-24 21:56:17 [INFO] [main.py] [djinni] поиск по 'flutter developer'...
2026-08-24 21:56:17 [INFO] [main.py]   найдено 4 вакансий, добираю описания...
2026-08-24 21:56:17 [INFO] [main.py]   сохранено/обновлено: 4, помечено неактивными: 0
2026-08-24 21:56:17 [INFO] [main.py] [djinni] поиск по 'react native developer'...
2026-08-24 21:56:17 [INFO] [main.py]   найдено 20 вакансий, добираю описания...
2026-08-24 21:56:17 [INFO] [main.py]   сохранено/обновлено: 20, помечено неактивными: 0
2026-08-24 21:56:17 [INFO] [main.py] [djinni] поиск по 'unity developer'...
2026-08-24 21:56:17 [INFO] [main.py]   найдено 20 вакансий, добираю описания...
2026-08-24 21:56:17 [INFO] [main.py]   сохранено/обновлено: 20, помечено неактивными: 0
2026-08-24 21:59:58 [INFO] [main.py] [djinni] поиск по 'game developer'...
2026-08-24 21:59:58 [INFO] [main.py]   найдено 18 вакансий, добираю описания...
2026-08-24 21:59:58 [INFO] [main.py]   сохранено/обновлено: 18, помечено неактивными: 0
2026-08-24 21:59:58 [INFO] [main.py] [djinni] поиск по 'qa engineer'...
2026-08-24 21:59:58 [INFO] [main.py]   найдено 20 вакансий, добираю описания...
2026-08-24 21:59:58 [INFO] [main.py]   сохранено/обновлено: 20, помечено неактивными: 0
2026-08-24 21:59:58 [INFO] [main.py] [djinni] поиск по 'qa manual'...
2026-08-24 21:59:58 [INFO] [main.py]   найдено 20 вакансий, добираю описания...
2026-08-24 21:59:58 [INFO] [main.py]   сохранено/обновлено: 20, помечено неактивными: 0
2026-08-24 21:59:58 [INFO] [main.py] [djinni] поиск по 'qa automation'...
2026-08-24 21:59:58 [INFO] [main.py]   найдено 20 вакансий, добираю описания...
2026-08-24 21:59:58 [INFO] [main.py]   сохранено/обновлено: 20, помечено неактивными: 0
2026-08-24 21:59:58 [INFO] [main.py] [djinni] поиск по 'sdet'...
2026-08-24 21:59:58 [INFO] [main.py]   найдено 20 вакансий, добираю описания...
2026-08-24 21:59:58 [INFO] [main.py]   сохранено/обновлено: 20, помечено неактивными: 0
2026-08-24 21:59:58 [INFO] [main.py] [djinni] поиск по 'devops engineer'...
2026-08-24 21:59:58 [INFO] [main.py]   найдено 20 вакансий, добираю описания...
2026-08-24 21:59:58 [INFO] [main.py]   сохранено/обновлено: 20, помечено неактивными: 0
2026-08-24 21:59:58 [INFO] [main.py] [djinni] поиск по 'sre engineer'...
2026-08-24 21:59:58 [INFO] [main.py]   найдено 6 вакансий, добираю описания...
2026-08-24 21:59:58 [INFO] [main.py]   сохранено/обновлено: 6, помечено неактивными: 0
2026-08-24 21:59:58 [INFO] [main.py] [djinni] поиск по 'site reliability engineer'...
2026-08-24 21:59:58 [INFO] [main.py]   найдено 8 вакансий, добираю описания...
2026-08-24 21:59:58 [INFO] [main.py]   сохранено/обновлено: 8, помечено неактивными: 0
2026-08-24 21:59:58 [INFO] [main.py] [djinni] поиск по 'data analyst'...
2026-08-24 21:59:58 [INFO] [main.py]   найдено 20 вакансий, добираю описания...
2026-08-24 21:59:58 [INFO] [main.py]   сохранено/обновлено: 20, помечено неактивными: 0
2026-08-24 21:59:58 [INFO] [main.py] [djinni] поиск по 'data scientist'...
2026-08-24 21:59:58 [INFO] [main.py]   найдено 20 вакансий, добираю описания...
2026-08-24 21:59:58 [INFO] [main.py]   сохранено/обновлено: 20, помечено неактивными: 0
2026-08-24 21:59:58 [INFO] [main.py] [djinni] поиск по 'data engineer'...
2026-08-24 21:59:58 [INFO] [main.py]   найдено 20 вакансий, добираю описания...
2026-08-24 21:59:58 [INFO] [main.py]   сохранено/обновлено: 20, помечено неактивными: 0
2026-08-24 21:59:58 [INFO] [main.py] [djinni] поиск по 'ml engineer'...
2026-08-24 21:59:58 [INFO] [main.py]   найдено 20 вакансий, добираю описания...
2026-08-24 21:59:58 [INFO] [main.py]   сохранено/обновлено: 20, помечено неактивными: 0
2026-08-24 21:59:58 [INFO] [main.py] [djinni] поиск по 'machine learning engineer'...
2026-08-24 21:59:58 [INFO] [main.py]   найдено 20 вакансий, добираю описания...
2026-08-24 21:59:58 [INFO] [main.py]   сохранено/обновлено: 20, помечено неактивными: 0
2026-08-24 21:59:58 [INFO] [main.py] [djinni] поиск по 'ai engineer'...
2026-08-24 21:59:58 [INFO] [main.py]   найдено 20 вакансий, добираю описания...
2026-08-24 21:59:58 [INFO] [main.py]   сохранено/обновлено: 20, помечено неактивными: 0
2026-08-24 21:59:58 [INFO] [main.py] [djinni] поиск по 'prompt engineer'...
2026-08-24 21:59:58 [INFO] [main.py]   найдено 8 вакансий, добираю описания...
2026-08-24 21:59:58 [INFO] [main.py]   сохранено/обновлено: 8, помечено неактивными: 0
2026-08-24 21:59:58 [INFO] [main.py] [djinni] поиск по 'data science'...
2026-08-24 21:59:58 [INFO] [main.py]   найдено 20 вакансий, добираю описания...
2026-08-24 21:59:58 [INFO] [main.py]   сохранено/обновлено: 20, помечено неактивными: 0
2026-08-24 21:59:58 [INFO] [main.py] [djinni] поиск по 'business intelligence analyst'...
2026-08-24 21:59:58 [INFO] [main.py]   найдено 1 вакансий, добираю описания...
2026-08-24 21:59:58 [INFO] [main.py]   сохранено/обновлено: 1, помечено неактивными: 0
2026-08-24 21:59:58 [INFO] [main.py] [djinni] поиск по 'system administrator'...
2026-08-24 21:59:58 [INFO] [main.py]   найдено 20 вакансий, добираю описания...
2026-08-24 21:59:58 [INFO] [main.py]   сохранено/обновлено: 20, помечено неактивными: 0
2026-08-24 21:59:58 [INFO] [main.py] [djinni] поиск по 'network engineer'...
2026-08-24 21:59:58 [INFO] [main.py]   найдено 20 вакансий, добираю описания...
2026-08-24 21:59:58 [INFO] [main.py]   сохранено/обновлено: 20, помечено неактивными: 0
2026-08-24 21:59:58 [INFO] [main.py] [djinni] поиск по 'it support'...
2026-08-24 21:59:58 [INFO] [main.py]   найдено 20 вакансий, добираю описания...
2026-08-24 21:59:58 [INFO] [main.py]   сохранено/обновлено: 20, помечено неактивными: 0
2026-08-24 21:59:58 [INFO] [main.py] [djinni] поиск по 'technical support'...
2026-08-24 21:59:58 [INFO] [main.py]   найдено 20 вакансий, добираю описания...
2026-08-24 21:59:58 [INFO] [main.py]   сохранено/обновлено: 20, помечено неактивными: 0
2026-08-24 21:59:58 [INFO] [main.py] [djinni] поиск по 'helpdesk'...
2026-08-24 21:59:58 [INFO] [main.py]   найдено 6 вакансий, добираю описания...
2026-08-24 21:59:58 [INFO] [main.py]   сохранено/обновлено: 6, помечено неактивными: 0
2026-08-24 21:59:58 [INFO] [main.py] [djinni] поиск по 'cybersecurity engineer'...
2026-08-24 21:59:58 [INFO] [main.py]   найдено 3 вакансий, добираю описания...
2026-08-24 21:59:58 [INFO] [main.py]   сохранено/обновлено: 3, помечено неактивными: 0
2026-08-24 21:59:58 [INFO] [main.py] [djinni] поиск по 'security analyst'...
2026-08-24 21:59:58 [INFO] [main.py]   найдено 20 вакансий, добираю описания...
2026-08-24 21:59:58 [INFO] [main.py]   сохранено/обновлено: 20, помечено неактивными: 0
2026-08-24 21:59:58 [INFO] [main.py] [djinni] поиск по 'solution architect'...
2026-08-24 21:59:58 [INFO] [main.py]   найдено 20 вакансий, добираю описания...
2026-08-24 21:59:58 [INFO] [main.py]   сохранено/обновлено: 20, помечено неактивными: 0
2026-08-24 21:59:58 [INFO] [main.py] [djinni] поиск по 'technical writer'...
2026-08-24 21:59:58 [INFO] [main.py]   найдено 16 вакансий, добираю описания...
2026-08-24 21:59:58 [INFO] [main.py]   сохранено/обновлено: 16, помечено неактивными: 0
2026-08-24 21:59:58 [INFO] [main.py] [djinni] поиск по 'scrum master'...
2026-08-24 21:59:58 [INFO] [main.py]   найдено 6 вакансий, добираю описания...
2026-08-24 21:59:58 [INFO] [main.py]   сохранено/обновлено: 6, помечено неактивными: 0
2026-08-24 21:59:58 [INFO] [main.py] [djinni] поиск по 'product owner'...
2026-08-24 21:59:58 [INFO] [main.py]   найдено 20 вакансий, добираю описания...
2026-08-24 21:59:58 [INFO] [main.py]   сохранено/обновлено: 20, помечено неактивными: 0
2026-08-24 21:59:58 [INFO] [main.py] [djinni] поиск по 'project manager'...
2026-08-24 21:59:58 [INFO] [main.py]   найдено 20 вакансий, добираю описания...
2026-08-24 21:59:58 [INFO] [main.py]   сохранено/обновлено: 20, помечено неактивными: 0
2026-08-24 21:59:58 [INFO] [main.py] [djinni] поиск по 'program manager'...
2026-08-24 21:59:58 [INFO] [main.py]   найдено 3 вакансий, добираю описания...
2026-08-24 21:59:58 [INFO] [main.py]   сохранено/обновлено: 3, помечено неактивными: 0
2026-08-24 21:59:58 [INFO] [main.py] [djinni] поиск по 'delivery manager'...
2026-08-24 21:59:58 [INFO] [main.py]   найдено 20 вакансий, добираю описания...
2026-08-24 21:59:58 [INFO] [main.py]   сохранено/обновлено: 20, помечено неактивными: 0
2026-08-24 21:59:58 [INFO] [main.py] [djinni] поиск по 'product manager'...
2026-08-24 21:59:58 [INFO] [main.py]   найдено 20 вакансий, добираю описания...
2026-08-24 21:59:58 [INFO] [main.py]   сохранено/обновлено: 20, помечено неактивными: 0
2026-08-24 21:59:58 [INFO] [main.py] [djinni] поиск по 'business analyst'...
2026-08-24 21:59:58 [INFO] [main.py]   найдено 20 вакансий, добираю описания...
2026-08-24 21:59:58 [INFO] [main.py]   сохранено/обновлено: 20, помечено неактивными: 0
2026-08-24 21:59:58 [INFO] [main.py] [djinni] поиск по 'system analyst'...
2026-08-24 21:59:58 [INFO] [main.py]   найдено 20 вакансий, добираю описания...
2026-08-24 21:59:58 [INFO] [main.py]   сохранено/обновлено: 20, помечено неактивными: 0
2026-08-24 21:59:58 [INFO] [main.py] [djinni] поиск по 'ui дизайнер'...
2026-08-24 21:59:58 [INFO] [main.py]   найдено 1 вакансий, добираю описания...
2026-08-24 21:59:58 [INFO] [main.py]   сохранено/обновлено: 1, помечено неактивными: 0
2026-08-24 21:59:58 [INFO] [main.py] [djinni] поиск по 'ux дизайнер'...
2026-08-24 21:59:58 [INFO] [main.py]   найдено 1 вакансий, добираю описания...
2026-08-24 21:59:58 [INFO] [main.py]   сохранено/обновлено: 1, помечено неактивными: 0
2026-08-24 21:59:58 [INFO] [main.py] [djinni] поиск по 'ui/ux дизайнер'...
2026-08-24 21:59:58 [INFO] [main.py]   найдено 1 вакансий, добираю описания...
2026-08-24 21:59:58 [INFO] [main.py]   сохранено/обновлено: 1, помечено неактивными: 0
2026-08-24 21:59:58 [INFO] [main.py] [djinni] поиск по 'graphic designer'...
2026-08-24 21:59:58 [INFO] [main.py]   найдено 20 вакансий, добираю описания...
2026-08-24 21:59:58 [INFO] [main.py]   сохранено/обновлено: 20, помечено неактивными: 0
2026-08-24 21:59:58 [INFO] [main.py] [djinni] поиск по 'motion designer'...
2026-08-24 21:59:58 [INFO] [main.py]   найдено 20 вакансий, добираю описания...
2026-08-24 21:59:58 [INFO] [main.py]   сохранено/обновлено: 20, помечено неактивными: 0
2026-08-24 21:59:58 [INFO] [main.py] [djinni] поиск по '3d artist'...
2026-08-24 21:59:58 [INFO] [main.py]   найдено 20 вакансий, добираю описания...
2026-08-24 21:59:58 [INFO] [main.py]   сохранено/обновлено: 20, помечено неактивными: 0
2026-08-24 21:59:58 [INFO] [main.py] [djinni] поиск по 'ілюстратор'...
2026-08-24 21:59:58 [INFO] [main.py]   найдено 0 вакансий, добираю описания...
2026-08-24 21:59:58 [INFO] [main.py]   сохранено/обновлено: 0, помечено неактивными: 0
2026-08-24 21:59:58 [INFO] [main.py] [djinni] поиск по 'brand designer'...
2026-08-24 21:59:58 [INFO] [main.py]   найдено 20 вакансий, добираю описания...
2026-08-24 21:59:58 [INFO] [main.py]   сохранено/обновлено: 20, помечено неактивными: 0
2026-08-24 21:59:58 [INFO] [main.py] [djinni] поиск по 'web designer'...
2026-08-24 21:59:58 [INFO] [main.py]   найдено 20 вакансий, добираю описания...
2026-08-24 21:59:58 [INFO] [main.py]   сохранено/обновлено: 20, помечено неактивными: 0
2026-08-24 21:59:58 [INFO] [main.py] [djinni] поиск по 'recruiter'...
2026-08-24 21:59:58 [INFO] [main.py]   найдено 20 вакансий, добираю описания...
2026-08-24 21:59:58 [INFO] [main.py]   сохранено/обновлено: 20, помечено неактивными: 0
2026-08-24 21:59:58 [INFO] [main.py] [djinni] поиск по 'it recruiter'...
2026-08-24 21:59:58 [INFO] [main.py]   найдено 20 вакансий, добираю описания...
2026-08-24 21:59:58 [INFO] [main.py]   сохранено/обновлено: 20, помечено неактивными: 0
2026-08-24 21:59:58 [INFO] [main.py] [djinni] поиск по 'hr manager'...
2026-08-24 21:59:58 [INFO] [main.py]   найдено 20 вакансий, добираю описания...
2026-08-24 21:59:58 [INFO] [main.py]   сохранено/обновлено: 20, помечено неактивными: 0
2026-08-24 21:59:58 [INFO] [main.py] [djinni] поиск по 'hr generalist'...
2026-08-24 21:59:58 [INFO] [main.py]   найдено 6 вакансий, добираю описания...
2026-08-24 21:59:58 [INFO] [main.py]   сохранено/обновлено: 6, помечено неактивными: 0
2026-08-24 21:59:58 [INFO] [main.py] [djinni] поиск по 'hr business partner'...
2026-08-24 21:59:58 [INFO] [main.py]   найдено 20 вакансий, добираю описания...
2026-08-24 21:59:58 [INFO] [main.py]   сохранено/обновлено: 20, помечено неактивными: 0
2026-08-24 21:59:58 [INFO] [main.py] [djinni] поиск по 'talent acquisition'...
2026-08-24 21:59:58 [INFO] [main.py]   найдено 17 вакансий, добираю описания...
2026-08-24 21:59:58 [INFO] [main.py]   сохранено/обновлено: 17, помечено неактивными: 0
2026-08-24 21:59:58 [INFO] [main.py] [djinni] поиск по 'рекрутер'...
2026-08-24 21:59:58 [INFO] [main.py]   найдено 20 вакансий, добираю описания...
2026-08-24 21:59:58 [INFO] [main.py]   сохранено/обновлено: 20, помечено неактивными: 0
2026-08-24 21:59:58 [INFO] [main.py] [djinni] поиск по 'кадровик'...
2026-08-24 21:59:58 [INFO] [main.py]   найдено 0 вакансий, добираю описания...
2026-08-24 21:59:58 [INFO] [main.py]   сохранено/обновлено: 0, помечено неактивными: 0
2026-08-24 21:59:58 [INFO] [main.py] [djinni] поиск по 'office manager'...
2026-08-24 21:59:58 [INFO] [main.py]   найдено 20 вакансий, добираю описания...
2026-08-24 21:59:58 [INFO] [main.py]   сохранено/обновлено: 20, помечено неактивными: 0
2026-08-24 21:59:58 [INFO] [main.py] [djinni] поиск по 'sales manager'...
2026-08-24 21:59:58 [INFO] [main.py]   найдено 20 вакансий, добираю описания...
2026-08-24 21:59:58 [INFO] [main.py]   сохранено/обновлено: 20, помечено неактивными: 0
2026-08-24 21:59:58 [INFO] [main.py] [djinni] поиск по 'sales representative'...
2026-08-24 21:59:58 [INFO] [main.py]   найдено 20 вакансий, добираю описания...
2026-08-24 21:59:58 [INFO] [main.py]   сохранено/обновлено: 20, помечено неактивными: 0
2026-08-24 21:59:58 [INFO] [main.py] [djinni] поиск по 'account manager'...
2026-08-24 21:59:58 [INFO] [main.py]   найдено 20 вакансий, добираю описания...
2026-08-24 21:59:58 [INFO] [main.py]   сохранено/обновлено: 20, помечено неактивными: 0
2026-08-24 21:59:58 [INFO] [main.py] [djinni] поиск по 'key account manager'...
2026-08-24 21:59:58 [INFO] [main.py]   найдено 20 вакансий, добираю описания...
2026-08-24 21:59:58 [INFO] [main.py]   сохранено/обновлено: 20, помечено неактивными: 0
2026-08-24 21:59:58 [INFO] [main.py] [djinni] поиск по 'business development manager'...
2026-08-24 21:59:58 [INFO] [main.py]   найдено 20 вакансий, добираю описания...
2026-08-24 21:59:58 [INFO] [main.py]   сохранено/обновлено: 20, помечено неактивными: 0
2026-08-24 21:59:58 [INFO] [main.py] [djinni] поиск по 'customer support'...
2026-08-24 21:59:58 [INFO] [main.py]   найдено 20 вакансий, добираю описания...
2026-08-24 21:59:58 [INFO] [main.py]   сохранено/обновлено: 20, помечено неактивными: 0
2026-08-24 21:59:58 [INFO] [main.py] [djinni] поиск по 'customer success manager'...
2026-08-24 21:59:58 [INFO] [main.py]   найдено 17 вакансий, добираю описания...
2026-08-24 21:59:58 [INFO] [main.py]   сохранено/обновлено: 17, помечено неактивными: 0
2026-08-24 21:59:58 [INFO] [main.py] [djinni] поиск по 'call center operator'...
2026-08-24 21:59:58 [INFO] [main.py]   найдено 0 вакансий, добираю описания...
2026-08-24 21:59:58 [INFO] [main.py]   сохранено/обновлено: 0, помечено неактивными: 0
2026-08-24 21:59:58 [INFO] [main.py] [djinni] поиск по 'менеджер з продажу'...
2026-08-24 22:03:12 [INFO] [main.py]   найдено 17 вакансий, добираю описания...
2026-08-24 22:03:12 [INFO] [main.py]   сохранено/обновлено: 17, помечено неактивными: 0
2026-08-24 22:03:12 [INFO] [main.py] [djinni] поиск по 'торговий представник'...
2026-08-24 22:03:12 [INFO] [main.py]   найдено 0 вакансий, добираю описания...
2026-08-24 22:03:12 [INFO] [main.py]   сохранено/обновлено: 0, помечено неактивными: 0
2026-08-24 22:03:12 [INFO] [main.py] [djinni] поиск по 'marketing manager'...
2026-08-24 22:03:12 [INFO] [main.py]   найдено 20 вакансий, добираю описания...
2026-08-24 22:03:12 [INFO] [main.py]   сохранено/обновлено: 20, помечено неактивными: 0
2026-08-24 22:03:12 [INFO] [main.py] [djinni] поиск по 'digital marketing manager'...
2026-08-24 22:03:12 [INFO] [main.py]   найдено 20 вакансий, добираю описания...
2026-08-24 22:03:12 [INFO] [main.py]   сохранено/обновлено: 20, помечено неактивными: 0
2026-08-24 22:03:12 [INFO] [main.py] [djinni] поиск по 'smm manager'...
2026-08-24 22:03:12 [INFO] [main.py]   найдено 20 вакансий, добираю описания...
2026-08-24 22:03:12 [INFO] [main.py]   сохранено/обновлено: 20, помечено неактивными: 0
2026-08-24 22:03:12 [INFO] [main.py] [djinni] поиск по 'seo спеціаліст'...
2026-08-24 22:03:12 [INFO] [main.py]   найдено 9 вакансий, добираю описания...
2026-08-24 22:03:12 [INFO] [main.py]   сохранено/обновлено: 9, помечено неактивными: 0
2026-08-24 22:03:12 [INFO] [main.py] [djinni] поиск по 'ppc спеціаліст'...
2026-08-24 22:03:12 [INFO] [main.py]   найдено 20 вакансий, добираю описания...
2026-08-24 22:03:12 [INFO] [main.py]   сохранено/обновлено: 20, помечено неактивными: 0
2026-08-24 22:03:12 [INFO] [main.py] [djinni] поиск по 'content manager'...
2026-08-24 22:03:12 [INFO] [main.py]   найдено 20 вакансий, добираю описания...
2026-08-24 22:03:12 [INFO] [main.py]   сохранено/обновлено: 20, помечено неактивными: 0
2026-08-24 22:03:12 [INFO] [main.py] [djinni] поиск по 'копірайтер'...
2026-08-24 22:03:12 [INFO] [main.py]   найдено 0 вакансий, добираю описания...
2026-08-24 22:03:12 [INFO] [main.py]   сохранено/обновлено: 0, помечено неактивными: 0
2026-08-24 22:03:12 [INFO] [main.py] [djinni] поиск по 'редактор'...
2026-08-24 22:03:12 [INFO] [main.py]   найдено 5 вакансий, добираю описания...
2026-08-24 22:03:12 [INFO] [main.py]   сохранено/обновлено: 5, помечено неактивными: 0
2026-08-24 22:03:12 [INFO] [main.py] [djinni] поиск по 'pr manager'...
2026-08-24 22:03:12 [INFO] [main.py]   найдено 20 вакансий, добираю описания...
2026-08-24 22:03:12 [INFO] [main.py]   сохранено/обновлено: 20, помечено неактивными: 0
2026-08-24 22:03:12 [INFO] [main.py] [djinni] поиск по 'event manager'...
2026-08-24 22:03:12 [INFO] [main.py]   найдено 3 вакансий, добираю описания...
2026-08-24 22:03:12 [INFO] [main.py]   сохранено/обновлено: 3, помечено неактивными: 0
2026-08-24 22:03:12 [INFO] [main.py] [djinni] поиск по 'бренд-менеджер'...
2026-08-24 22:03:12 [INFO] [main.py]   найдено 0 вакансий, добираю описания...
2026-08-24 22:03:12 [INFO] [main.py]   сохранено/обновлено: 0, помечено неактивными: 0
2026-08-24 22:03:12 [INFO] [main.py] [djinni] поиск по 'бухгалтер'...
2026-08-24 22:03:12 [INFO] [main.py]   найдено 20 вакансий, добираю описания...
2026-08-24 22:03:12 [INFO] [main.py]   сохранено/обновлено: 20, помечено неактивными: 0
2026-08-24 22:03:12 [INFO] [main.py] [djinni] поиск по 'головний бухгалтер'...
2026-08-24 22:03:12 [INFO] [main.py]   найдено 3 вакансий, добираю описания...
2026-08-24 22:03:12 [INFO] [main.py]   сохранено/обновлено: 3, помечено неактивными: 0
2026-08-24 22:03:12 [INFO] [main.py] [djinni] поиск по 'фінансовий аналітик'...
2026-08-24 22:03:12 [INFO] [main.py]   найдено 1 вакансий, добираю описания...
2026-08-24 22:03:12 [INFO] [main.py]   сохранено/обновлено: 1, помечено неактивными: 0
2026-08-24 22:03:12 [INFO] [main.py] [djinni] поиск по 'фінансовий директор'...
2026-08-24 22:03:12 [INFO] [main.py]   найдено 1 вакансий, добираю описания...
2026-08-24 22:03:12 [INFO] [main.py]   сохранено/обновлено: 1, помечено неактивными: 0
2026-08-24 22:03:12 [INFO] [main.py] [djinni] поиск по 'економіст'...
2026-08-24 22:03:12 [INFO] [main.py]   найдено 1 вакансий, добираю описания...
2026-08-24 22:03:12 [INFO] [main.py]   сохранено/обновлено: 1, помечено неактивными: 0
2026-08-24 22:03:12 [INFO] [main.py] [djinni] поиск по 'аудитор'...
2026-08-24 22:03:12 [INFO] [main.py]   найдено 0 вакансий, добираю описания...
2026-08-24 22:03:12 [INFO] [main.py]   сохранено/обновлено: 0, помечено неактивными: 0
2026-08-24 22:03:12 [INFO] [main.py] [djinni] поиск по 'юрист'...
2026-08-24 22:03:12 [INFO] [main.py]   найдено 0 вакансий, добираю описания...
2026-08-24 22:03:12 [INFO] [main.py]   сохранено/обновлено: 0, помечено неактивными: 0
2026-08-24 22:03:12 [INFO] [main.py] [djinni] поиск по 'юрисконсульт'...
2026-08-24 22:03:12 [INFO] [main.py]   найдено 0 вакансий, добираю описания...
2026-08-24 22:03:12 [INFO] [main.py]   сохранено/обновлено: 0, помечено неактивными: 0
2026-08-24 22:03:12 [INFO] [main.py] [djinni] поиск по 'адвокат'...
2026-08-24 22:03:12 [INFO] [main.py]   найдено 0 вакансий, добираю описания...
2026-08-24 22:03:12 [INFO] [main.py]   сохранено/обновлено: 0, помечено неактивными: 0
2026-08-24 22:03:12 [INFO] [main.py] [djinni] поиск по 'логіст'...
2026-08-24 22:03:12 [INFO] [main.py]   найдено 3 вакансий, добираю описания...
2026-08-24 22:03:12 [INFO] [main.py]   сохранено/обновлено: 3, помечено неактивными: 0
2026-08-24 22:03:12 [INFO] [main.py] [djinni] поиск по 'менеджер з логістики'...
2026-08-24 22:03:12 [INFO] [main.py]   найдено 0 вакансий, добираю описания...
2026-08-24 22:03:12 [INFO] [main.py]   сохранено/обновлено: 0, помечено неактивными: 0
2026-08-24 22:03:12 [INFO] [main.py] [djinni] поиск по 'диспетчер'...
2026-08-24 22:03:12 [INFO] [main.py]   найдено 3 вакансий, добираю описания...
2026-08-24 22:03:12 [INFO] [main.py]   сохранено/обновлено: 3, помечено неактивными: 0
2026-08-24 22:03:12 [INFO] [main.py] [djinni] поиск по 'комірник'...
2026-08-24 22:03:12 [INFO] [main.py]   найдено 0 вакансий, добираю описания...
2026-08-24 22:03:12 [INFO] [main.py]   сохранено/обновлено: 0, помечено неактивными: 0
2026-08-24 22:03:12 [INFO] [main.py] [djinni] поиск по 'водій'...
2026-08-24 22:03:12 [INFO] [main.py]   найдено 0 вакансий, добираю описания...
2026-08-24 22:03:12 [INFO] [main.py]   сохранено/обновлено: 0, помечено неактивными: 0
2026-08-24 22:03:12 [INFO] [main.py] [djinni] поиск по 'водій категорії с'...
2026-08-24 22:03:12 [INFO] [main.py]   найдено 0 вакансий, добираю описания...
2026-08-24 22:03:12 [INFO] [main.py]   сохранено/обновлено: 0, помечено неактивными: 0
2026-08-24 22:03:12 [INFO] [main.py] [djinni] поиск по 'кур'єр'...
2026-08-24 22:03:12 [INFO] [main.py]   найдено 0 вакансий, добираю описания...
2026-08-24 22:03:12 [INFO] [main.py]   сохранено/обновлено: 0, помечено неактивными: 0
2026-08-24 22:03:12 [INFO] [main.py] [djinni] поиск по 'складський працівник'...
2026-08-24 22:03:12 [INFO] [main.py]   найдено 0 вакансий, добираю описания...
2026-08-24 22:03:12 [INFO] [main.py]   сохранено/обновлено: 0, помечено неактивными: 0
2026-08-24 22:03:12 [INFO] [main.py] [djinni] поиск по 'менеджер зі закупівель'...
2026-08-24 22:03:12 [INFO] [main.py]   найдено 0 вакансий, добираю описания...
2026-08-24 22:03:12 [INFO] [main.py]   сохранено/обновлено: 0, помечено неактивными: 0
2026-08-24 22:03:12 [INFO] [main.py] [djinni] поиск по 'procurement manager'...
2026-08-24 22:03:12 [INFO] [main.py]   найдено 2 вакансий, добираю описания...
2026-08-24 22:03:12 [INFO] [main.py]   сохранено/обновлено: 2, помечено неактивными: 0
2026-08-24 22:03:12 [INFO] [main.py] [djinni] поиск по 'supply chain manager'...
2026-08-24 22:03:12 [INFO] [main.py]   найдено 1 вакансий, добираю описания...
2026-08-24 22:03:12 [INFO] [main.py]   сохранено/обновлено: 1, помечено неактивными: 0
2026-08-24 22:03:12 [INFO] [main.py] [djinni] поиск по 'секретар'...
2026-08-24 22:03:12 [INFO] [main.py]   найдено 0 вакансий, добираю описания...
2026-08-24 22:03:12 [INFO] [main.py]   сохранено/обновлено: 0, помечено неактивными: 0
2026-08-24 22:03:12 [INFO] [main.py] [djinni] поиск по 'адміністратор'...
2026-08-24 22:03:12 [INFO] [main.py]   найдено 18 вакансий, добираю описания...
2026-08-24 22:03:12 [INFO] [main.py]   сохранено/обновлено: 18, помечено неактивными: 0
2026-08-24 22:03:12 [INFO] [main.py] [djinni] поиск по 'асистент керівника'...
2026-08-24 22:03:12 [INFO] [main.py]   найдено 0 вакансий, добираю описания...
2026-08-24 22:03:12 [INFO] [main.py]   сохранено/обновлено: 0, помечено неактивными: 0
2026-08-24 22:03:12 [INFO] [main.py] [djinni] поиск по 'перекладач'...
2026-08-24 22:03:12 [INFO] [main.py]   найдено 0 вакансий, добираю описания...
2026-08-24 22:03:12 [INFO] [main.py]   сохранено/обновлено: 0, помечено неактивными: 0
2026-08-24 22:03:12 [INFO] [main.py] [djinni] поиск по 'вчитель'...
2026-08-24 22:03:12 [INFO] [main.py]   найдено 0 вакансий, добираю описания...
2026-08-24 22:03:12 [INFO] [main.py]   сохранено/обновлено: 0, помечено неактивными: 0
2026-08-24 22:03:12 [INFO] [main.py] [djinni] поиск по 'викладач'...
2026-08-24 22:03:12 [INFO] [main.py]   найдено 0 вакансий, добираю описания...
2026-08-24 22:03:12 [INFO] [main.py]   сохранено/обновлено: 0, помечено неактивными: 0
2026-08-24 22:03:12 [INFO] [main.py] [djinni] поиск по 'репетитор'...
2026-08-24 22:03:12 [INFO] [main.py]   найдено 0 вакансий, добираю описания...
2026-08-24 22:03:12 [INFO] [main.py]   сохранено/обновлено: 0, помечено неактивными: 0
2026-08-24 22:03:12 [INFO] [main.py] [djinni] поиск по 'вихователь'...
2026-08-24 22:03:12 [INFO] [main.py]   найдено 0 вакансий, добираю описания...
2026-08-24 22:03:12 [INFO] [main.py]   сохранено/обновлено: 0, помечено неактивными: 0
2026-08-24 22:03:12 [INFO] [main.py] [djinni] поиск по 'лікар'...
2026-08-24 22:03:12 [INFO] [main.py]   найдено 0 вакансий, добираю описания...
2026-08-24 22:03:12 [INFO] [main.py]   сохранено/обновлено: 0, помечено неактивными: 0
2026-08-24 22:03:12 [INFO] [main.py] [djinni] поиск по 'медсестра'...
2026-08-24 22:03:12 [INFO] [main.py]   найдено 0 вакансий, добираю описания...
2026-08-24 22:03:12 [INFO] [main.py]   сохранено/обновлено: 0, помечено неактивными: 0
2026-08-24 22:03:12 [INFO] [main.py] [djinni] поиск по 'фармацевт'...
2026-08-24 22:03:12 [INFO] [main.py]   найдено 0 вакансий, добираю описания...
2026-08-24 22:03:12 [INFO] [main.py]   сохранено/обновлено: 0, помечено неактивными: 0
2026-08-24 22:03:12 [INFO] [main.py] [djinni] поиск по 'провізор'...
2026-08-24 22:03:12 [INFO] [main.py]   найдено 0 вакансий, добираю описания...
2026-08-24 22:03:12 [INFO] [main.py]   сохранено/обновлено: 0, помечено неактивными: 0
2026-08-24 22:03:12 [INFO] [main.py] [djinni] поиск по 'психолог'...
2026-08-24 22:03:12 [INFO] [main.py]   найдено 0 вакансий, добираю описания...
2026-08-24 22:03:12 [INFO] [main.py]   сохранено/обновлено: 0, помечено неактивными: 0
2026-08-24 22:03:12 [INFO] [main.py] [djinni] поиск по 'менеджер готелю'...
2026-08-24 22:03:12 [INFO] [main.py]   найдено 0 вакансий, добираю описания...
2026-08-24 22:03:12 [INFO] [main.py]   сохранено/обновлено: 0, помечено неактивными: 0
2026-08-24 22:03:12 [INFO] [main.py] [djinni] поиск по 'адміністратор готелю'...
2026-08-24 22:03:12 [INFO] [main.py]   найдено 0 вакансий, добираю описания...
2026-08-24 22:03:12 [INFO] [main.py]   сохранено/обновлено: 0, помечено неактивными: 0
2026-08-24 22:03:12 [INFO] [main.py] [djinni] поиск по 'офіціант'...
2026-08-24 22:03:12 [INFO] [main.py]   найдено 0 вакансий, добираю описания...
2026-08-24 22:03:12 [INFO] [main.py]   сохранено/обновлено: 0, помечено неактивными: 0
2026-08-24 22:03:12 [INFO] [main.py] [djinni] поиск по 'бармен'...
2026-08-24 22:03:12 [INFO] [main.py]   найдено 0 вакансий, добираю описания...
2026-08-24 22:03:12 [INFO] [main.py]   сохранено/обновлено: 0, помечено неактивными: 0
2026-08-24 22:03:12 [INFO] [main.py] [djinni] поиск по 'кухар'...
2026-08-24 22:03:12 [INFO] [main.py]   найдено 0 вакансий, добираю описания...
2026-08-24 22:03:12 [INFO] [main.py]   сохранено/обновлено: 0, помечено неактивными: 0
2026-08-24 22:03:12 [INFO] [main.py] [djinni] поиск по 'шеф-кухар'...
2026-08-24 22:03:12 [INFO] [main.py]   найдено 0 вакансий, добираю описания...
2026-08-24 22:03:12 [INFO] [main.py]   сохранено/обновлено: 0, помечено неактивными: 0
2026-08-24 22:03:12 [INFO] [main.py] [djinni] поиск по 'пекар'...
2026-08-24 22:03:12 [INFO] [main.py]   найдено 0 вакансий, добираю описания...
2026-08-24 22:03:12 [INFO] [main.py]   сохранено/обновлено: 0, помечено неактивными: 0
2026-08-24 22:03:12 [INFO] [main.py] [djinni] поиск по 'кондитер'...
2026-08-24 22:03:12 [INFO] [main.py]   найдено 0 вакансий, добираю описания...
2026-08-24 22:03:12 [INFO] [main.py]   сохранено/обновлено: 0, помечено неактивными: 0
2026-08-24 22:03:12 [INFO] [main.py] [djinni] поиск по 'продавець-консультант'...
2026-08-24 22:03:12 [INFO] [main.py]   найдено 0 вакансий, добираю описания...
2026-08-24 22:03:12 [INFO] [main.py]   сохранено/обновлено: 0, помечено неактивными: 0
2026-08-24 22:03:12 [INFO] [main.py] [djinni] поиск по 'касир'...
2026-08-24 22:03:12 [INFO] [main.py]   найдено 0 вакансий, добираю описания...
2026-08-24 22:03:12 [INFO] [main.py]   сохранено/обновлено: 0, помечено неактивными: 0
2026-08-24 22:03:12 [INFO] [main.py] [djinni] поиск по 'директор магазину'...
2026-08-24 22:03:12 [INFO] [main.py]   найдено 0 вакансий, добираю описания...
2026-08-24 22:03:12 [INFO] [main.py]   сохранено/обновлено: 0, помечено неактивными: 0
2026-08-24 22:03:12 [INFO] [main.py] [djinni] поиск по 'merchandiser'...
2026-08-24 22:03:12 [INFO] [main.py]   найдено 1 вакансий, добираю описания...
2026-08-24 22:03:12 [INFO] [main.py]   сохранено/обновлено: 1, помечено неактивными: 0
2026-08-24 22:03:12 [INFO] [main.py] [djinni] поиск по 'мерчандайзер'...
2026-08-24 22:03:12 [INFO] [main.py]   найдено 0 вакансий, добираю описания...
2026-08-24 22:03:12 [INFO] [main.py]   сохранено/обновлено: 0, помечено неактивными: 0
2026-08-24 22:03:12 [INFO] [main.py] [djinni] поиск по 'охоронець'...
2026-08-24 22:03:12 [INFO] [main.py]   найдено 0 вакансий, добираю описания...
2026-08-24 22:03:12 [INFO] [main.py]   сохранено/обновлено: 0, помечено неактивными: 0
2026-08-24 22:03:12 [INFO] [main.py] [djinni] поиск по 'прибиральниця'...
2026-08-24 22:03:12 [INFO] [main.py]   найдено 0 вакансий, добираю описания...
2026-08-24 22:03:12 [INFO] [main.py]   сохранено/обновлено: 0, помечено неактивными: 0
2026-08-24 22:03:12 [INFO] [main.py] [djinni] поиск по 'electrician'...
2026-08-24 22:03:12 [INFO] [main.py]   найдено 0 вакансий, добираю описания...
2026-08-24 22:03:12 [INFO] [main.py]   сохранено/обновлено: 0, помечено неактивными: 0
2026-08-24 22:03:12 [INFO] [main.py] [djinni] поиск по 'electric technician'...
2026-08-24 22:03:12 [INFO] [main.py]   найдено 0 вакансий, добираю описания...
2026-08-24 22:06:15 [INFO] [main.py]   сохранено/обновлено: 0, помечено неактивными: 0
2026-08-24 22:06:15 [INFO] [main.py] [djinni] поиск по 'слюсар'...
2026-08-24 22:06:15 [INFO] [main.py]   найдено 0 вакансий, добираю описания...
2026-08-24 22:06:15 [INFO] [main.py]   сохранено/обновлено: 0, помечено неактивными: 0
2026-08-24 22:06:15 [INFO] [main.py] [djinni] поиск по 'зварювальник'...
2026-08-24 22:06:15 [INFO] [main.py]   найдено 0 вакансий, добираю описания...
2026-08-24 22:06:15 [INFO] [main.py]   сохранено/обновлено: 0, помечено неактивными: 0
2026-08-24 22:06:15 [INFO] [main.py] [djinni] поиск по 'будівельник'...
2026-08-24 22:06:15 [INFO] [main.py]   найдено 0 вакансий, добираю описания...
2026-08-24 22:06:15 [INFO] [main.py]   сохранено/обновлено: 0, помечено неактивными: 0
2026-08-24 22:06:15 [INFO] [main.py] [djinni] поиск по 'прораб'...
2026-08-24 22:06:15 [INFO] [main.py]   найдено 0 вакансий, добираю описания...
2026-08-24 22:06:15 [INFO] [main.py]   сохранено/обновлено: 0, помечено неактивными: 0
2026-08-24 22:06:15 [INFO] [main.py] [djinni] поиск по 'architect'...
2026-08-24 22:06:15 [INFO] [main.py]   найдено 20 вакансий, добираю описания...
2026-08-24 22:06:15 [INFO] [main.py]   сохранено/обновлено: 20, помечено неактивными: 0
2026-08-24 22:06:15 [INFO] [main.py] [djinni] поиск по 'архітектор'...
2026-08-24 22:06:15 [INFO] [main.py]   найдено 0 вакансий, добираю описания...
2026-08-24 22:06:15 [INFO] [main.py]   сохранено/обновлено: 0, помечено неактивными: 0
2026-08-24 22:06:15 [INFO] [main.py] [djinni] поиск по 'інженер-конструктор'...
2026-08-24 22:06:15 [INFO] [main.py]   найдено 19 вакансий, добираю описания...
2026-08-24 22:06:15 [INFO] [main.py]   сохранено/обновлено: 19, помечено неактивными: 0
2026-08-24 22:06:15 [INFO] [main.py] [djinni] поиск по 'інженер-технолог'...
2026-08-24 22:06:15 [INFO] [main.py]   найдено 1 вакансий, добираю описания...
2026-08-24 22:06:15 [INFO] [main.py]   сохранено/обновлено: 1, помечено неактивными: 0
2026-08-24 22:06:15 [INFO] [main.py] [djinni] поиск по 'інженер з якості'...
2026-08-24 22:06:15 [INFO] [main.py]   найдено 0 вакансий, добираю описания...
2026-08-24 22:06:15 [INFO] [main.py]   сохранено/обновлено: 0, помечено неактивными: 0
2026-08-24 22:06:15 [INFO] [main.py] [djinni] поиск по 'quality engineer'...
2026-08-24 22:06:15 [INFO] [main.py]   найдено 20 вакансий, добираю описания...
2026-08-24 22:06:15 [INFO] [main.py]   сохранено/обновлено: 20, помечено неактивными: 0
2026-08-24 22:06:15 [INFO] [main.py] [djinni] поиск по 'process engineer'...
2026-08-24 22:06:15 [INFO] [main.py]   найдено 9 вакансий, добираю описания...
2026-08-24 22:06:15 [INFO] [main.py]   сохранено/обновлено: 9, помечено неактивными: 0
2026-08-24 22:06:15 [INFO] [main.py] [djinni] поиск по 'виробничий інженер'...
2026-08-24 22:06:15 [INFO] [main.py]   найдено 0 вакансий, добираю описания...
2026-08-24 22:06:15 [INFO] [main.py]   сохранено/обновлено: 0, помечено неактивными: 0
2026-08-24 22:06:15 [INFO] [main.py] [djinni] поиск по 'оператор верстата з чпу'...
2026-08-24 22:06:15 [INFO] [main.py]   найдено 0 вакансий, добираю описания...
2026-08-24 22:06:15 [INFO] [main.py]   сохранено/обновлено: 0, помечено неактивными: 0
2026-08-24 22:06:15 [INFO] [main.py] [djinni] поиск по 'складальник'...
2026-08-24 22:06:15 [INFO] [main.py]   найдено 0 вакансий, добираю описания...
2026-08-24 22:06:15 [INFO] [main.py]   сохранено/обновлено: 0, помечено неактивными: 0
2026-08-24 22:06:15 [INFO] [main.py] [djinni] поиск по 'швея'...
2026-08-24 22:06:15 [INFO] [main.py]   найдено 0 вакансий, добираю описания...
2026-08-24 22:06:15 [INFO] [main.py]   сохранено/обновлено: 0, помечено неактивными: 0
2026-08-24 22:06:15 [INFO] [main.py] [djinni] поиск по 'кравець'...
2026-08-24 22:06:15 [INFO] [main.py]   найдено 0 вакансий, добираю описания...
2026-08-24 22:06:15 [INFO] [main.py]   сохранено/обновлено: 0, помечено неактивными: 0
2026-08-24 22:06:15 [INFO] [main.py] [djinni] поиск по 'косметолог'...
2026-08-24 22:06:15 [INFO] [main.py]   найдено 0 вакансий, добираю описания...
2026-08-24 22:06:15 [INFO] [main.py]   сохранено/обновлено: 0, помечено неактивными: 0
2026-08-24 22:06:15 [INFO] [main.py] [djinni] поиск по 'візажист'...
2026-08-24 22:06:15 [INFO] [main.py]   найдено 0 вакансий, добираю описания...
2026-08-24 22:06:15 [INFO] [main.py]   сохранено/обновлено: 0, помечено неактивными: 0
2026-08-24 22:06:15 [INFO] [main.py] [djinni] поиск по 'перукар'...
2026-08-24 22:06:15 [INFO] [main.py]   найдено 0 вакансий, добираю описания...
2026-08-24 22:06:15 [INFO] [main.py]   сохранено/обновлено: 0, помечено неактивными: 0
2026-08-24 22:06:15 [INFO] [main.py] [djinni] поиск по 'масажист'...
2026-08-24 22:06:15 [INFO] [main.py]   найдено 0 вакансий, добираю описания...
2026-08-24 22:06:15 [INFO] [main.py]   сохранено/обновлено: 0, помечено неактивными: 0
2026-08-24 22:06:15 [INFO] [main.py] [djinni] поиск по 'фітнес-тренер'...
2026-08-24 22:06:15 [INFO] [main.py]   найдено 0 вакансий, добираю описания...
2026-08-24 22:06:15 [INFO] [main.py]   сохранено/обновлено: 0, помечено неактивными: 0
2026-08-24 22:06:15 [INFO] [main.py] [djinni] поиск по 'менеджер з туризму'...
2026-08-24 22:06:15 [INFO] [main.py]   найдено 0 вакансий, добираю описания...
2026-08-24 22:06:15 [INFO] [main.py]   сохранено/обновлено: 0, помечено неактивными: 0
2026-08-24 22:06:15 [INFO] [main.py] [djinni] поиск по 'travel manager'...
2026-08-24 22:06:15 [INFO] [main.py]   найдено 3 вакансий, добираю описания...
2026-08-24 22:06:15 [INFO] [main.py]   сохранено/обновлено: 3, помечено неактивными: 0
2026-08-24 22:06:15 [INFO] [main.py] [djinni] поиск по 'event coordinator'...
2026-08-24 22:06:15 [INFO] [main.py]   найдено 0 вакансий, добираю описания...
2026-08-24 22:06:15 [INFO] [main.py]   сохранено/обновлено: 0, помечено неактивными: 0
2026-08-24 22:06:15 [INFO] [main.py] [djinni] поиск по 'customer service representative'...
2026-08-24 22:06:15 [INFO] [main.py]   найдено 1 вакансий, добираю описания...
2026-08-24 22:06:15 [INFO] [main.py]   сохранено/обновлено: 1, помечено неактивными: 0
2026-08-24 22:06:15 [INFO] [main.py] [djinni] поиск по 'back office'...
2026-08-24 22:06:15 [INFO] [main.py]   найдено 0 вакансий, добираю описания...
2026-08-24 22:06:15 [INFO] [main.py]   сохранено/обновлено: 0, помечено неактивными: 0
2026-08-24 22:06:15 [INFO] [main.py] [djinni] поиск по 'office assistant'...
2026-08-24 22:06:15 [INFO] [main.py]   найдено 0 вакансий, добираю описания...
2026-08-24 22:06:15 [INFO] [main.py]   сохранено/обновлено: 0, помечено неактивными: 0
2026-08-24 22:06:15 [INFO] [main.py] [djinni] поиск по 'data entry'...
2026-08-24 22:06:15 [INFO] [main.py]   найдено 0 вакансий, добираю описания...
2026-08-24 22:06:15 [INFO] [main.py]   сохранено/обновлено: 0, помечено неактивными: 0
2026-08-24 22:06:15 [INFO] [main.py] [djinni] поиск по 'оператор call-центру'...
2026-08-24 22:06:15 [INFO] [main.py]   найдено 0 вакансий, добираю описания...
2026-08-24 22:06:15 [INFO] [main.py]   сохранено/обновлено: 0, помечено неактивными: 0
2026-08-24 22:06:15 [INFO] [main.py] [djinni] поиск по 'outbound sales'...
2026-08-24 22:06:15 [INFO] [main.py]   найдено 8 вакансий, добираю описания...
2026-08-24 22:06:15 [INFO] [main.py]   сохранено/обновлено: 8, помечено неактивными: 0
2026-08-24 22:06:15 [INFO] [main.py] [djinni] поиск по 'inbound sales'...
2026-08-24 22:06:15 [INFO] [main.py]   найдено 3 вакансий, добираю описания...
2026-08-24 22:06:15 [INFO] [main.py]   сохранено/обновлено: 3, помечено неактивными: 0
2026-08-24 22:06:15 [INFO] [main.py] [djinni] поиск по 'territory manager'...
2026-08-24 22:06:15 [INFO] [main.py]   найдено 1 вакансий, добираю описания...
2026-08-24 22:06:15 [INFO] [main.py]   сохранено/обновлено: 1, помечено неактивными: 0
2026-08-24 22:06:15 [INFO] [main.py] [djinni] поиск по 'regional manager'...
2026-08-24 22:06:15 [INFO] [main.py]   найдено 3 вакансий, добираю описания...
2026-08-24 22:06:15 [INFO] [main.py]   сохранено/обновлено: 3, помечено неактивными: 0
2026-08-24 22:06:15 [INFO] [main.py] [djinni] поиск по 'retail manager'...
2026-08-24 22:06:15 [INFO] [main.py]   найдено 1 вакансий, добираю описания...
2026-08-24 22:06:15 [INFO] [main.py]   сохранено/обновлено: 1, помечено неактивными: 0
2026-08-24 22:06:15 [INFO] [main.py] [djinni] поиск по 'store manager'...
2026-08-24 22:06:15 [INFO] [main.py]   найдено 1 вакансий, добираю описания...
2026-08-24 22:06:15 [INFO] [main.py]   сохранено/обновлено: 1, помечено неактивными: 0
2026-08-24 22:06:15 [INFO] [main.py] [djinni] поиск по 'warehouse manager'...
2026-08-24 22:06:15 [INFO] [main.py]   найдено 1 вакансий, добираю описания...
2026-08-24 22:06:15 [INFO] [main.py]   сохранено/обновлено: 1, помечено неактивными: 0
2026-08-24 22:06:15 [INFO] [main.py] [djinni] поиск по 'fleet manager'...
2026-08-24 22:06:15 [INFO] [main.py]   найдено 0 вакансий, добираю описания...
2026-08-24 22:06:15 [INFO] [main.py]   сохранено/обновлено: 0, помечено неактивными: 0
2026-08-24 22:06:15 [INFO] [main.py] [djinni] поиск по 'insurance agent'...
2026-08-24 22:06:15 [INFO] [main.py]   найдено 0 вакансий, добираю описания...
2026-08-24 22:06:15 [INFO] [main.py]   сохранено/обновлено: 0, помечено неактивными: 0
2026-08-24 22:06:15 [INFO] [main.py] [djinni] поиск по 'страховий агент'...
2026-08-24 22:06:15 [INFO] [main.py]   найдено 0 вакансий, добираю описания...
2026-08-24 22:06:15 [INFO] [main.py]   сохранено/обновлено: 0, помечено неактивными: 0
2026-08-24 22:06:15 [INFO] [main.py] [djinni] поиск по 'менеджер з нерухомості'...
2026-08-24 22:06:15 [INFO] [main.py]   найдено 0 вакансий, добираю описания...
2026-08-24 22:06:15 [INFO] [main.py]   сохранено/обновлено: 0, помечено неактивными: 0
2026-08-24 22:06:15 [INFO] [main.py] [djinni] поиск по 'рієлтор'...
2026-08-24 22:06:15 [INFO] [main.py]   найдено 0 вакансий, добираю описания...
2026-08-24 22:06:15 [INFO] [main.py]   сохранено/обновлено: 0, помечено неактивными: 0
2026-08-24 22:06:15 [INFO] [main.py] [djinni] поиск по 'agronomist'...
2026-08-24 22:06:15 [INFO] [main.py]   найдено 0 вакансий, добираю описания...
2026-08-24 22:06:15 [INFO] [main.py]   сохранено/обновлено: 0, помечено неактивными: 0
2026-08-24 22:06:15 [INFO] [main.py] [djinni] поиск по 'агроном'...
2026-08-24 22:06:15 [INFO] [main.py]   найдено 0 вакансий, добираю описания...
2026-08-24 22:06:15 [INFO] [main.py]   сохранено/обновлено: 0, помечено неактивными: 0
2026-08-24 22:06:15 [INFO] [main.py] [djinni] поиск по 'ветеринар'...
2026-08-24 22:06:15 [INFO] [main.py]   найдено 0 вакансий, добираю описания...
2026-08-24 22:06:15 [INFO] [main.py]   сохранено/обновлено: 0, помечено неактивными: 0
2026-08-24 22:06:15 [INFO] [main.py] [djinni] поиск по 'inspector'...
2026-08-24 22:06:15 [INFO] [main.py]   найдено 0 вакансий, добираю описания...
2026-08-24 22:06:15 [INFO] [main.py]   сохранено/обновлено: 0, помечено неактивными: 0
2026-08-24 22:06:15 [INFO] [main.py] [djinni] поиск по 'контролер якості'...
2026-08-24 22:06:15 [INFO] [main.py]   найдено 0 вакансий, добираю описания...
2026-08-24 22:06:15 [INFO] [main.py]   сохранено/обновлено: 0, помечено неактивными: 0
2026-08-24 22:06:15 [INFO] [main.py] [djinni] поиск по 'technical recruiter'...
2026-08-24 22:06:15 [INFO] [main.py]   найдено 8 вакансий, добираю описания...
2026-08-24 22:06:15 [INFO] [main.py]   сохранено/обновлено: 8, помечено неактивными: 0
2026-08-24 22:06:15 [INFO] [main.py] [djinni] поиск по 'payroll specialist'...
2026-08-24 22:06:15 [INFO] [main.py]   найдено 1 вакансий, добираю описания...
2026-08-24 22:06:15 [INFO] [main.py]   сохранено/обновлено: 1, помечено неактивными: 0
2026-08-24 22:06:15 [INFO] [main.py] [djinni] поиск по 'compensation and benefits'...
2026-08-24 22:06:15 [INFO] [main.py]   найдено 6 вакансий, добираю описания...
2026-08-24 22:06:15 [INFO] [main.py]   сохранено/обновлено: 6, помечено неактивными: 0
2026-08-24 22:06:15 [INFO] [main.py] [djinni] поиск по 'learning and development'...
2026-08-24 22:06:15 [INFO] [main.py]   найдено 6 вакансий, добираю описания...
2026-08-24 22:06:15 [INFO] [main.py]   сохранено/обновлено: 6, помечено неактивными: 0
2026-08-24 22:06:15 [INFO] [main.py] [djinni] поиск по 'office coordinator'...
2026-08-24 22:06:15 [INFO] [main.py]   найдено 1 вакансий, добираю описания...
2026-08-24 22:06:15 [INFO] [main.py]   сохранено/обновлено: 1, помечено неактивными: 0
2026-08-24 22:06:15 [INFO] [main.py] [djinni] поиск по 'executive assistant'...
2026-08-24 22:06:15 [INFO] [main.py]   найдено 0 вакансий, добираю описания...
2026-08-24 22:06:15 [INFO] [main.py]   сохранено/обновлено: 0, помечено неактивными: 0
2026-08-24 22:06:15 [INFO] [main.py] [djinni] поиск по 'personal assistant'...
2026-08-24 22:06:15 [INFO] [main.py]   найдено 0 вакансий, добираю описания...
2026-08-24 22:06:15 [INFO] [main.py]   сохранено/обновлено: 0, помечено неактивными: 0
2026-08-24 22:06:15 [INFO] [main.py] [djinni] поиск по 'finance manager'...
2026-08-24 22:06:15 [INFO] [main.py]   найдено 20 вакансий, добираю описания...
2026-08-24 22:06:15 [INFO] [main.py]   сохранено/обновлено: 20, помечено неактивными: 0
2026-08-24 22:06:15 [INFO] [main.py] [djinni] поиск по 'treasury analyst'...
2026-08-24 22:06:15 [INFO] [main.py]   найдено 0 вакансий, добираю описания...
2026-08-24 22:06:15 [INFO] [main.py]   сохранено/обновлено: 0, помечено неактивными: 0
2026-08-24 22:06:15 [INFO] [main.py] [djinni] поиск по 'credit analyst'...
2026-08-24 22:06:15 [INFO] [main.py]   найдено 1 вакансий, добираю описания...
2026-08-24 22:06:15 [INFO] [main.py]   сохранено/обновлено: 1, помечено неактивными: 0
2026-08-24 22:06:15 [INFO] [main.py] [djinni] поиск по 'risk manager'...
2026-08-24 22:06:15 [INFO] [main.py]   найдено 20 вакансий, добираю описания...
2026-08-24 22:06:15 [INFO] [main.py]   сохранено/обновлено: 20, помечено неактивными: 0
2026-08-24 22:06:15 [INFO] [main.py] [djinni] поиск по 'compliance officer'...
2026-08-24 22:06:15 [INFO] [main.py]   найдено 3 вакансий, добираю описания...
2026-08-24 22:06:15 [INFO] [main.py]   сохранено/обновлено: 3, помечено неактивными: 0
2026-08-24 22:06:15 [INFO] [main.py] [djinni] поиск по 'внутрішній аудитор'...
2026-08-24 22:06:15 [INFO] [main.py]   найдено 0 вакансий, добираю описания...
2026-08-24 22:06:15 [INFO] [main.py]   сохранено/обновлено: 0, помечено неактивными: 0
2026-08-24 22:06:15 [INFO] [main.py] [djinni] поиск по 'tax specialist'...
2026-08-24 22:06:15 [INFO] [main.py]   найдено 0 вакансий, добираю описания...
2026-08-24 22:06:15 [INFO] [main.py]   сохранено/обновлено: 0, помечено неактивными: 0
2026-08-24 22:06:15 [INFO] [main.py] [djinni] поиск по 'податковий консультант'...
2026-08-24 22:06:15 [INFO] [main.py]   найдено 0 вакансий, добираю описания...
2026-08-24 22:08:12 [INFO] [main.py]   сохранено/обновлено: 0, помечено неактивными: 0
2026-08-24 22:08:12 [INFO] [main.py] [djinni] поиск по 'export manager'...
2026-08-24 22:08:12 [INFO] [main.py]   найдено 4 вакансий, добираю описания...
2026-08-24 22:08:12 [INFO] [main.py]   сохранено/обновлено: 4, помечено неактивными: 0
2026-08-24 22:08:12 [INFO] [main.py] [djinni] поиск по 'import manager'...
2026-08-24 22:08:12 [INFO] [main.py]   найдено 0 вакансий, добираю описания...
2026-08-24 22:08:12 [INFO] [main.py]   сохранено/обновлено: 0, помечено неактивными: 0
2026-08-24 22:08:12 [INFO] [main.py] [djinni] поиск по 'zed manager'...
2026-08-24 22:08:12 [INFO] [main.py]   найдено 0 вакансий, добираю описания...
2026-08-24 22:08:12 [INFO] [main.py]   сохранено/обновлено: 0, помечено неактивными: 0
2026-08-24 22:08:12 [INFO] [main.py] [djinni] поиск по 'менеджер зовнішньоекономічної діяльності'...
2026-08-24 22:08:12 [INFO] [main.py]   найдено 0 вакансий, добираю описания...
2026-08-24 22:08:12 [INFO] [main.py]   сохранено/обновлено: 0, помечено неактивными: 0
2026-08-24 22:08:12 [INFO] [main.py] [djinni] поиск по 'remote job'...
2026-08-24 22:08:12 [INFO] [main.py]   найдено 0 вакансий, добираю описания...
2026-08-24 22:08:12 [INFO] [main.py]   сохранено/обновлено: 0, помечено неактивными: 0
2026-08-24 22:08:12 [INFO] [main.py] [djinni] поиск по 'робота віддалено'...
2026-08-24 22:08:12 [INFO] [main.py]   найдено 0 вакансий, добираю описания...
2026-08-24 22:08:12 [INFO] [main.py]   сохранено/обновлено: 0, помечено неактивными: 0
2026-08-24 22:08:12 [INFO] [main.py] [djinni] поиск по 'part-time job'...
2026-08-24 22:08:12 [INFO] [main.py]   найдено 0 вакансий, добираю описания...
2026-08-24 22:08:12 [INFO] [main.py]   сохранено/обновлено: 0, помечено неактивными: 0
2026-08-24 22:08:12 [INFO] [main.py] [djinni] поиск по 'підробіток'...
2026-08-24 22:08:12 [INFO] [main.py]   найдено 0 вакансий, добираю описания...
2026-08-24 22:08:12 [INFO] [main.py]   сохранено/обновлено: 0, помечено неактивными: 0
2026-08-24 22:08:12 [INFO] [main.py] [djinni] поиск по 'freelance'...
2026-08-24 22:08:12 [INFO] [main.py]   найдено 20 вакансий, добираю описания...
2026-08-24 22:08:12 [INFO] [main.py]   сохранено/обновлено: 20, помечено неактивными: 0
2026-08-24 22:08:12 [INFO] [main.py] [djinni] поиск по 'фрілансер'...
2026-08-24 22:08:12 [INFO] [main.py]   найдено 0 вакансий, добираю описания...
2026-08-24 22:08:12 [INFO] [main.py]   сохранено/обновлено: 0, помечено неактивными: 0
2026-08-24 22:08:12 [INFO] [main.py] [djinni] поиск по 'стажування'...
2026-08-24 22:08:12 [INFO] [main.py]   найдено 2 вакансий, добираю описания...
2026-08-24 22:08:12 [INFO] [main.py]   сохранено/обновлено: 2, помечено неактивными: 0
2026-08-24 22:08:12 [INFO] [main.py] [djinni] поиск по 'internship'...
2026-08-24 22:08:12 [INFO] [main.py]   найдено 4 вакансий, добираю описания...
2026-08-24 22:08:12 [INFO] [main.py]   сохранено/обновлено: 4, помечено неактивными: 0
2026-08-24 22:08:12 [INFO] [main.py] [djinni] поиск по 'junior developer'...
2026-08-24 22:08:12 [INFO] [main.py]   найдено 20 вакансий, добираю описания...
2026-08-24 22:08:12 [INFO] [main.py]   сохранено/обновлено: 20, помечено неактивными: 0
2026-08-24 22:08:12 [INFO] [main.py] [djinni] поиск по 'middle developer'...
2026-08-24 22:08:12 [INFO] [main.py]   найдено 20 вакансий, добираю описания...
2026-08-24 22:08:12 [INFO] [main.py]   сохранено/обновлено: 20, помечено неактивными: 0
2026-08-24 22:08:12 [INFO] [main.py] [djinni] поиск по 'senior developer'...
2026-08-24 22:08:12 [INFO] [main.py]   найдено 20 вакансий, добираю описания...
2026-08-24 22:08:12 [INFO] [main.py]   сохранено/обновлено: 20, помечено неактивными: 0
2026-08-24 22:08:12 [INFO] [main.py] [djinni] поиск по 'tech lead'...
2026-08-24 22:08:12 [INFO] [main.py]   найдено 20 вакансий, добираю описания...
2026-08-24 22:08:12 [INFO] [main.py]   сохранено/обновлено: 20, помечено неактивными: 0
2026-08-24 22:08:12 [INFO] [main.py] [djinni] поиск по 'engineering manager'...
2026-08-24 22:08:12 [INFO] [main.py]   найдено 20 вакансий, добираю описания...
2026-08-24 22:08:12 [INFO] [main.py]   сохранено/обновлено: 20, помечено неактивными: 0
2026-08-24 22:08:12 [INFO] [main.py] [djinni] поиск по 'cto'...
2026-08-24 22:08:12 [INFO] [main.py]   найдено 5 вакансий, добираю описания...
2026-08-24 22:08:12 [INFO] [main.py]   сохранено/обновлено: 5, помечено неактивными: 0
2026-08-24 22:08:12 [INFO] [main.py] [djinni] поиск по 'chief technology officer'...
2026-08-24 22:08:12 [INFO] [main.py]   найдено 2 вакансий, добираю описания...
2026-08-24 22:08:12 [INFO] [main.py]   сохранено/обновлено: 2, помечено неактивными: 0
2026-08-24 22:08:12 [INFO] [main.py] [work_ua] поиск по 'python розробник'...
2026-08-24 22:08:12 [INFO] [main.py]   найдено 14 вакансий, добираю описания...
2026-08-24 22:08:12 [INFO] [main.py]   сохранено/обновлено: 14, помечено неактивными: 0
2026-08-24 22:08:12 [INFO] [main.py] [work_ua] поиск по 'javascript розробник'...
2026-08-24 22:08:12 [INFO] [main.py]   найдено 0 вакансий, добираю описания...
2026-08-24 22:08:12 [INFO] [main.py]   сохранено/обновлено: 0, помечено неактивными: 0
2026-08-24 22:08:12 [INFO] [main.py] [work_ua] поиск по 'typescript розробник'...
2026-08-24 22:08:12 [INFO] [main.py]   найдено 0 вакансий, добираю описания...
2026-08-24 22:08:12 [INFO] [main.py]   сохранено/обновлено: 0, помечено неактивными: 0
2026-08-24 22:08:12 [INFO] [main.py] [work_ua] поиск по 'frontend розробник'...
2026-08-24 22:08:12 [INFO] [main.py]   найдено 0 вакансий, добираю описания...
2026-08-24 22:08:12 [INFO] [main.py]   сохранено/обновлено: 0, помечено неактивными: 0
2026-08-24 22:08:12 [INFO] [main.py] [work_ua] поиск по 'backend розробник'...
2026-08-24 22:08:12 [INFO] [main.py]   найдено 0 вакансий, добираю описания...
2026-08-24 22:08:12 [INFO] [main.py]   сохранено/обновлено: 0, помечено неактивными: 0
2026-08-24 22:08:12 [INFO] [main.py] [work_ua] поиск по 'fullstack розробник'...
2026-08-24 22:08:12 [INFO] [main.py]   найдено 0 вакансий, добираю описания...
2026-08-24 22:08:12 [INFO] [main.py]   сохранено/обновлено: 0, помечено неактивными: 0
2026-08-24 22:08:12 [INFO] [main.py] [work_ua] поиск по 'java розробник'...
2026-08-24 22:08:12 [INFO] [main.py]   найдено 0 вакансий, добираю описания...
2026-08-24 22:08:12 [INFO] [main.py]   сохранено/обновлено: 0, помечено неактивными: 0
2026-08-24 22:08:12 [INFO] [main.py] [work_ua] поиск по 'php розробник'...
2026-08-24 22:08:12 [INFO] [main.py]   найдено 0 вакансий, добираю описания...
2026-08-24 22:08:12 [INFO] [main.py]   сохранено/обновлено: 0, помечено неактивными: 0
2026-08-24 22:08:12 [INFO] [main.py] [work_ua] поиск по '.net розробник'...
2026-08-24 22:08:12 [INFO] [main.py]   найдено 0 вакансий, добираю описания...
2026-08-24 22:08:12 [INFO] [main.py]   сохранено/обновлено: 0, помечено неактивными: 0
2026-08-24 22:08:12 [INFO] [main.py] [work_ua] поиск по 'c++ розробник'...
2026-08-24 22:08:12 [INFO] [main.py]   найдено 0 вакансий, добираю описания...
2026-08-24 22:08:12 [INFO] [main.py]   сохранено/обновлено: 0, помечено неактивными: 0
2026-08-24 22:08:12 [INFO] [main.py] [work_ua] поиск по 'c# розробник'...
2026-08-24 22:08:12 [INFO] [main.py]   найдено 0 вакансий, добираю описания...
2026-08-24 22:08:12 [INFO] [main.py]   сохранено/обновлено: 0, помечено неактивными: 0
2026-08-24 22:08:12 [INFO] [main.py] [work_ua] поиск по 'golang розробник'...
2026-08-24 22:08:12 [INFO] [main.py]   найдено 0 вакансий, добираю описания...
2026-08-24 22:08:12 [INFO] [main.py]   сохранено/обновлено: 0, помечено неактивными: 0
2026-08-24 22:08:12 [INFO] [main.py] [work_ua] поиск по 'ruby розробник'...
2026-08-24 22:08:12 [INFO] [main.py]   найдено 0 вакансий, добираю описания...
2026-08-24 22:08:12 [INFO] [main.py]   сохранено/обновлено: 0, помечено неактивными: 0
2026-08-24 22:08:12 [INFO] [main.py] [work_ua] поиск по 'react developer'...
2026-08-24 22:08:12 [INFO] [main.py]   найдено 0 вакансий, добираю описания...
2026-08-24 22:08:12 [INFO] [main.py]   сохранено/обновлено: 0, помечено неактивными: 0
2026-08-24 22:08:12 [INFO] [main.py] [work_ua] поиск по 'vue developer'...
2026-08-24 22:08:12 [INFO] [main.py]   найдено 0 вакансий, добираю описания...
2026-08-24 22:08:12 [INFO] [main.py]   сохранено/обновлено: 0, помечено неактивными: 0
2026-08-24 22:08:12 [INFO] [main.py] [work_ua] поиск по 'angular developer'...
2026-08-24 22:08:12 [INFO] [main.py]   найдено 0 вакансий, добираю описания...
2026-08-24 22:08:12 [INFO] [main.py]   сохранено/обновлено: 0, помечено неактивными: 0
2026-08-24 22:08:12 [INFO] [main.py] [work_ua] поиск по 'node.js developer'...
2026-08-24 22:08:12 [INFO] [main.py]   найдено 0 вакансий, добираю описания...
2026-08-24 22:08:12 [INFO] [main.py]   сохранено/обновлено: 0, помечено неактивными: 0
2026-08-24 22:08:12 [INFO] [main.py] [work_ua] поиск по 'android developer'...
2026-08-24 22:08:12 [INFO] [main.py]   найдено 0 вакансий, добираю описания...
2026-08-24 22:08:12 [INFO] [main.py]   сохранено/обновлено: 0, помечено неактивными: 0
2026-08-24 22:08:12 [INFO] [main.py] [work_ua] поиск по 'ios developer'...
2026-08-24 22:08:12 [INFO] [main.py]   найдено 0 вакансий, добираю описания...
2026-08-24 22:08:12 [INFO] [main.py]   сохранено/обновлено: 0, помечено неактивными: 0
2026-08-24 22:08:12 [INFO] [main.py] [work_ua] поиск по 'mobile developer'...
2026-08-24 22:08:12 [INFO] [main.py]   найдено 0 вакансий, добираю описания...
2026-08-24 22:08:12 [INFO] [main.py]   сохранено/обновлено: 0, помечено неактивными: 0
2026-08-24 22:08:12 [INFO] [main.py] [work_ua] поиск по 'flutter developer'...
2026-08-24 22:08:12 [INFO] [main.py]   найдено 0 вакансий, добираю описания...
2026-08-24 22:08:12 [INFO] [main.py]   сохранено/обновлено: 0, помечено неактивными: 0
2026-08-24 22:08:12 [INFO] [main.py] [work_ua] поиск по 'react native developer'...
2026-08-24 22:08:12 [INFO] [main.py]   найдено 0 вакансий, добираю описания...
2026-08-24 22:08:12 [INFO] [main.py]   сохранено/обновлено: 0, помечено неактивными: 0
2026-08-24 22:08:12 [INFO] [main.py] [work_ua] поиск по 'unity developer'...
2026-08-24 22:08:12 [INFO] [main.py]   найдено 0 вакансий, добираю описания...
2026-08-24 22:08:12 [INFO] [main.py]   сохранено/обновлено: 0, помечено неактивными: 0
2026-08-24 22:08:12 [INFO] [main.py] [work_ua] поиск по 'game developer'...
2026-08-24 22:08:12 [INFO] [main.py]   найдено 0 вакансий, добираю описания...
2026-08-24 22:08:12 [INFO] [main.py]   сохранено/обновлено: 0, помечено неактивными: 0
2026-08-24 22:08:12 [INFO] [main.py] [work_ua] поиск по 'qa engineer'...
2026-08-24 22:08:12 [INFO] [main.py]   найдено 0 вакансий, добираю описания...
2026-08-24 22:08:12 [INFO] [main.py]   сохранено/обновлено: 0, помечено неактивными: 0
2026-08-24 22:08:12 [INFO] [main.py] [work_ua] поиск по 'qa manual'...
2026-08-24 22:08:12 [INFO] [main.py]   найдено 0 вакансий, добираю описания...
2026-08-24 22:08:12 [INFO] [main.py]   сохранено/обновлено: 0, помечено неактивными: 0
2026-08-24 22:08:12 [INFO] [main.py] [work_ua] поиск по 'qa automation'...
2026-08-24 22:08:12 [INFO] [main.py]   найдено 0 вакансий, добираю описания...
2026-08-24 22:08:12 [INFO] [main.py]   сохранено/обновлено: 0, помечено неактивными: 0
2026-08-24 22:08:12 [INFO] [main.py] [work_ua] поиск по 'sdet'...
2026-08-24 22:08:12 [INFO] [main.py]   найдено 0 вакансий, добираю описания...
2026-08-24 22:08:12 [INFO] [main.py]   сохранено/обновлено: 0, помечено неактивными: 0
2026-08-24 22:08:12 [INFO] [main.py] [work_ua] поиск по 'devops engineer'...
2026-08-24 22:08:12 [INFO] [main.py]   найдено 0 вакансий, добираю описания...
2026-08-24 22:08:12 [INFO] [main.py]   сохранено/обновлено: 0, помечено неактивными: 0
2026-08-24 22:08:12 [INFO] [main.py] [work_ua] поиск по 'sre engineer'...
2026-08-24 22:08:12 [INFO] [main.py]   найдено 0 вакансий, добираю описания...
2026-08-24 22:08:12 [INFO] [main.py]   сохранено/обновлено: 0, помечено неактивными: 0
2026-08-24 22:08:12 [INFO] [main.py] [work_ua] поиск по 'site reliability engineer'...
2026-08-24 22:08:12 [INFO] [main.py]   найдено 0 вакансий, добираю описания...
2026-08-24 22:08:12 [INFO] [main.py]   сохранено/обновлено: 0, помечено неактивными: 0
2026-08-24 22:08:12 [INFO] [main.py] [work_ua] поиск по 'data analyst'...
2026-08-24 22:08:12 [INFO] [main.py]   найдено 0 вакансий, добираю описания...
2026-08-24 22:08:12 [INFO] [main.py]   сохранено/обновлено: 0, помечено неактивными: 0
2026-08-24 22:08:12 [INFO] [main.py] [work_ua] поиск по 'data scientist'...
2026-08-24 22:08:12 [INFO] [main.py]   найдено 0 вакансий, добираю описания...
2026-08-24 22:08:12 [INFO] [main.py]   сохранено/обновлено: 0, помечено неактивными: 0
2026-08-24 22:08:12 [INFO] [main.py] [work_ua] поиск по 'data engineer'...
2026-08-24 22:08:12 [INFO] [main.py]   найдено 0 вакансий, добираю описания...
2026-08-24 22:08:12 [INFO] [main.py]   сохранено/обновлено: 0, помечено неактивными: 0
2026-08-24 22:08:12 [INFO] [main.py] [work_ua] поиск по 'ml engineer'...
2026-08-24 22:08:12 [INFO] [main.py]   найдено 0 вакансий, добираю описания...
2026-08-24 22:08:12 [INFO] [main.py]   сохранено/обновлено: 0, помечено неактивными: 0
2026-08-24 22:08:12 [INFO] [main.py] [work_ua] поиск по 'machine learning engineer'...
2026-08-24 22:08:12 [INFO] [main.py]   найдено 0 вакансий, добираю описания...
2026-08-24 22:08:12 [INFO] [main.py]   сохранено/обновлено: 0, помечено неактивными: 0
2026-08-24 22:08:12 [INFO] [main.py] [work_ua] поиск по 'ai engineer'...
2026-08-24 22:08:12 [INFO] [main.py]   найдено 0 вакансий, добираю описания...
2026-08-24 22:08:12 [INFO] [main.py]   сохранено/обновлено: 0, помечено неактивными: 0
2026-08-24 22:08:12 [INFO] [main.py] [work_ua] поиск по 'prompt engineer'...
2026-08-24 22:08:12 [INFO] [main.py]   найдено 0 вакансий, добираю описания...
2026-08-24 22:08:12 [INFO] [main.py]   сохранено/обновлено: 0, помечено неактивными: 0
2026-08-24 22:08:12 [INFO] [main.py] [work_ua] поиск по 'data science'...
2026-08-24 22:08:12 [INFO] [main.py]   найдено 0 вакансий, добираю описания...
2026-08-24 22:08:12 [INFO] [main.py]   сохранено/обновлено: 0, помечено неактивными: 0
2026-08-24 22:08:12 [INFO] [main.py] [work_ua] поиск по 'business intelligence analyst'...
2026-08-24 22:08:12 [INFO] [main.py]   найдено 0 вакансий, добираю описания...
2026-08-24 22:08:12 [INFO] [main.py]   сохранено/обновлено: 0, помечено неактивными: 0
2026-08-24 22:08:12 [INFO] [main.py] [work_ua] поиск по 'system administrator'...
2026-08-24 22:08:12 [INFO] [main.py]   найдено 0 вакансий, добираю описания...
2026-08-24 22:08:12 [INFO] [main.py]   сохранено/обновлено: 0, помечено неактивными: 0
2026-08-24 22:08:12 [INFO] [main.py] [work_ua] поиск по 'network engineer'...
2026-08-24 22:10:13 [INFO] [main.py]   найдено 0 вакансий, добираю описания...
2026-08-24 22:10:13 [INFO] [main.py]   сохранено/обновлено: 0, помечено неактивными: 0
2026-08-24 22:10:13 [INFO] [main.py] [work_ua] поиск по 'it support'...
2026-08-24 22:10:13 [INFO] [main.py]   найдено 0 вакансий, добираю описания...
2026-08-24 22:10:13 [INFO] [main.py]   сохранено/обновлено: 0, помечено неактивными: 0
2026-08-24 22:10:13 [INFO] [main.py] [work_ua] поиск по 'technical support'...
2026-08-24 22:10:13 [INFO] [main.py]   найдено 0 вакансий, добираю описания...
2026-08-24 22:10:13 [INFO] [main.py]   сохранено/обновлено: 0, помечено неактивными: 0
2026-08-24 22:10:13 [INFO] [main.py] [work_ua] поиск по 'helpdesk'...
2026-08-24 22:10:13 [INFO] [main.py]   найдено 0 вакансий, добираю описания...
2026-08-24 22:10:13 [INFO] [main.py]   сохранено/обновлено: 0, помечено неактивными: 0
2026-08-24 22:10:13 [INFO] [main.py] [work_ua] поиск по 'cybersecurity engineer'...
2026-08-24 22:10:13 [INFO] [main.py]   найдено 0 вакансий, добираю описания...
2026-08-24 22:10:13 [INFO] [main.py]   сохранено/обновлено: 0, помечено неактивными: 0
2026-08-24 22:10:13 [INFO] [main.py] [work_ua] поиск по 'security analyst'...
2026-08-24 22:10:13 [INFO] [main.py]   найдено 0 вакансий, добираю описания...
2026-08-24 22:10:13 [INFO] [main.py]   сохранено/обновлено: 0, помечено неактивными: 0
2026-08-24 22:10:13 [INFO] [main.py] [work_ua] поиск по 'solution architect'...
2026-08-24 22:10:13 [INFO] [main.py]   найдено 0 вакансий, добираю описания...
2026-08-24 22:10:13 [INFO] [main.py]   сохранено/обновлено: 0, помечено неактивными: 0
2026-08-24 22:10:13 [INFO] [main.py] [work_ua] поиск по 'technical writer'...
2026-08-24 22:10:13 [INFO] [main.py]   найдено 0 вакансий, добираю описания...
2026-08-24 22:10:13 [INFO] [main.py]   сохранено/обновлено: 0, помечено неактивными: 0
2026-08-24 22:10:13 [INFO] [main.py] [work_ua] поиск по 'scrum master'...
2026-08-24 22:10:13 [INFO] [main.py]   найдено 0 вакансий, добираю описания...
2026-08-24 22:10:13 [INFO] [main.py]   сохранено/обновлено: 0, помечено неактивными: 0
2026-08-24 22:10:13 [INFO] [main.py] [work_ua] поиск по 'product owner'...
2026-08-24 22:10:13 [INFO] [main.py]   найдено 0 вакансий, добираю описания...
2026-08-24 22:10:13 [INFO] [main.py]   сохранено/обновлено: 0, помечено неактивными: 0
2026-08-24 22:10:13 [INFO] [main.py] [work_ua] поиск по 'project manager'...
2026-08-24 22:10:13 [INFO] [main.py]   найдено 0 вакансий, добираю описания...
2026-08-24 22:10:13 [INFO] [main.py]   сохранено/обновлено: 0, помечено неактивными: 0
2026-08-24 22:10:13 [INFO] [main.py] [work_ua] поиск по 'program manager'...
2026-08-24 22:10:13 [INFO] [main.py]   найдено 0 вакансий, добираю описания...
2026-08-24 22:10:13 [INFO] [main.py]   сохранено/обновлено: 0, помечено неактивными: 0
2026-08-24 22:10:13 [INFO] [main.py] [work_ua] поиск по 'delivery manager'...
2026-08-24 22:10:13 [INFO] [main.py]   найдено 0 вакансий, добираю описания...
2026-08-24 22:10:13 [INFO] [main.py]   сохранено/обновлено: 0, помечено неактивными: 0
2026-08-24 22:10:13 [INFO] [main.py] [work_ua] поиск по 'product manager'...
2026-08-24 22:10:13 [INFO] [main.py]   найдено 0 вакансий, добираю описания...
2026-08-24 22:10:13 [INFO] [main.py]   сохранено/обновлено: 0, помечено неактивными: 0
2026-08-24 22:10:13 [INFO] [main.py] [work_ua] поиск по 'business analyst'...
2026-08-24 22:10:13 [INFO] [main.py]   найдено 0 вакансий, добираю описания...
2026-08-24 22:10:13 [INFO] [main.py]   сохранено/обновлено: 0, помечено неактивными: 0
2026-08-24 22:10:13 [INFO] [main.py] [work_ua] поиск по 'system analyst'...
2026-08-24 22:10:13 [INFO] [main.py]   найдено 0 вакансий, добираю описания...
2026-08-24 22:10:13 [INFO] [main.py]   сохранено/обновлено: 0, помечено неактивными: 0
2026-08-24 22:10:13 [INFO] [main.py] [work_ua] поиск по 'ui дизайнер'...
2026-08-24 22:10:13 [INFO] [main.py]   найдено 0 вакансий, добираю описания...
2026-08-24 22:10:13 [INFO] [main.py]   сохранено/обновлено: 0, помечено неактивными: 0
2026-08-24 22:10:13 [INFO] [main.py] [work_ua] поиск по 'ux дизайнер'...
2026-08-24 22:10:13 [INFO] [main.py]   найдено 0 вакансий, добираю описания...
2026-08-24 22:10:13 [INFO] [main.py]   сохранено/обновлено: 0, помечено неактивными: 0
2026-08-24 22:10:13 [INFO] [main.py] [work_ua] поиск по 'ui/ux дизайнер'...
2026-08-24 22:10:13 [INFO] [main.py]   найдено 0 вакансий, добираю описания...
2026-08-24 22:10:13 [INFO] [main.py]   сохранено/обновлено: 0, помечено неактивными: 0
2026-08-24 22:10:13 [INFO] [main.py] [work_ua] поиск по 'graphic designer'...
2026-08-24 22:10:13 [INFO] [main.py]   найдено 0 вакансий, добираю описания...
2026-08-24 22:10:13 [INFO] [main.py]   сохранено/обновлено: 0, помечено неактивными: 0
2026-08-24 22:10:13 [INFO] [main.py] [work_ua] поиск по 'motion designer'...
2026-08-24 22:10:13 [INFO] [main.py]   найдено 0 вакансий, добираю описания...
2026-08-24 22:10:13 [INFO] [main.py]   сохранено/обновлено: 0, помечено неактивными: 0
2026-08-24 22:10:13 [INFO] [main.py] [work_ua] поиск по '3d artist'...
2026-08-24 22:10:13 [INFO] [main.py]   найдено 0 вакансий, добираю описания...
2026-08-24 22:10:13 [INFO] [main.py]   сохранено/обновлено: 0, помечено неактивными: 0
2026-08-24 22:10:13 [INFO] [main.py] [work_ua] поиск по 'ілюстратор'...
2026-08-24 22:10:13 [INFO] [main.py]   найдено 0 вакансий, добираю описания...
2026-08-24 22:10:13 [INFO] [main.py]   сохранено/обновлено: 0, помечено неактивными: 0
2026-08-24 22:10:13 [INFO] [main.py] [work_ua] поиск по 'brand designer'...
2026-08-24 22:10:13 [INFO] [main.py]   найдено 0 вакансий, добираю описания...
2026-08-24 22:10:13 [INFO] [main.py]   сохранено/обновлено: 0, помечено неактивными: 0
2026-08-24 22:10:13 [INFO] [main.py] [work_ua] поиск по 'web designer'...
2026-08-24 22:10:13 [INFO] [main.py]   найдено 0 вакансий, добираю описания...
2026-08-24 22:10:13 [INFO] [main.py]   сохранено/обновлено: 0, помечено неактивными: 0
2026-08-24 22:10:13 [INFO] [main.py] [work_ua] поиск по 'recruiter'...
2026-08-24 22:10:13 [INFO] [main.py]   найдено 0 вакансий, добираю описания...
2026-08-24 22:10:13 [INFO] [main.py]   сохранено/обновлено: 0, помечено неактивными: 0
2026-08-24 22:10:13 [INFO] [main.py] [work_ua] поиск по 'it recruiter'...
2026-08-24 22:10:13 [INFO] [main.py]   найдено 0 вакансий, добираю описания...
2026-08-24 22:10:13 [INFO] [main.py]   сохранено/обновлено: 0, помечено неактивными: 0
2026-08-24 22:10:13 [INFO] [main.py] [work_ua] поиск по 'hr manager'...
2026-08-24 22:10:13 [INFO] [main.py]   найдено 0 вакансий, добираю описания...
2026-08-24 22:10:13 [INFO] [main.py]   сохранено/обновлено: 0, помечено неактивными: 0
2026-08-24 22:10:13 [INFO] [main.py] [work_ua] поиск по 'hr generalist'...
2026-08-24 22:10:13 [INFO] [main.py]   найдено 0 вакансий, добираю описания...
2026-08-24 22:10:13 [INFO] [main.py]   сохранено/обновлено: 0, помечено неактивными: 0
2026-08-24 22:10:13 [INFO] [main.py] [work_ua] поиск по 'hr business partner'...
2026-08-24 22:10:13 [INFO] [main.py]   найдено 0 вакансий, добираю описания...
2026-08-24 22:10:13 [INFO] [main.py]   сохранено/обновлено: 0, помечено неактивными: 0
2026-08-24 22:10:13 [INFO] [main.py] [work_ua] поиск по 'talent acquisition'...
2026-08-24 22:10:13 [INFO] [main.py]   найдено 0 вакансий, добираю описания...
2026-08-24 22:10:13 [INFO] [main.py]   сохранено/обновлено: 0, помечено неактивными: 0
2026-08-24 22:10:13 [INFO] [main.py] [work_ua] поиск по 'рекрутер'...
2026-08-24 22:10:13 [INFO] [main.py]   найдено 0 вакансий, добираю описания...
2026-08-24 22:10:13 [INFO] [main.py]   сохранено/обновлено: 0, помечено неактивными: 0
2026-08-24 22:10:13 [INFO] [main.py] [work_ua] поиск по 'кадровик'...
2026-08-24 22:10:13 [INFO] [main.py]   найдено 0 вакансий, добираю описания...
2026-08-24 22:10:13 [INFO] [main.py]   сохранено/обновлено: 0, помечено неактивными: 0
2026-08-24 22:10:13 [INFO] [main.py] [work_ua] поиск по 'office manager'...
2026-08-24 22:10:13 [INFO] [main.py]   найдено 0 вакансий, добираю описания...
2026-08-24 22:10:13 [INFO] [main.py]   сохранено/обновлено: 0, помечено неактивными: 0
2026-08-24 22:10:13 [INFO] [main.py] [work_ua] поиск по 'sales manager'...
2026-08-24 22:10:13 [INFO] [main.py]   найдено 0 вакансий, добираю описания...
2026-08-24 22:10:13 [INFO] [main.py]   сохранено/обновлено: 0, помечено неактивными: 0
2026-08-24 22:10:13 [INFO] [main.py] [work_ua] поиск по 'sales representative'...
2026-08-24 22:10:13 [INFO] [main.py]   найдено 0 вакансий, добираю описания...
2026-08-24 22:10:13 [INFO] [main.py]   сохранено/обновлено: 0, помечено неактивными: 0
2026-08-24 22:10:13 [INFO] [main.py] [work_ua] поиск по 'account manager'...
2026-08-24 22:10:13 [INFO] [main.py]   найдено 0 вакансий, добираю описания...
2026-08-24 22:10:13 [INFO] [main.py]   сохранено/обновлено: 0, помечено неактивными: 0
2026-08-24 22:10:13 [INFO] [main.py] [work_ua] поиск по 'key account manager'...
2026-08-24 22:10:13 [INFO] [main.py]   найдено 0 вакансий, добираю описания...
2026-08-24 22:10:13 [INFO] [main.py]   сохранено/обновлено: 0, помечено неактивными: 0
2026-08-24 22:10:13 [INFO] [main.py] [work_ua] поиск по 'business development manager'...
2026-08-24 22:10:13 [INFO] [main.py]   найдено 0 вакансий, добираю описания...
2026-08-24 22:10:13 [INFO] [main.py]   сохранено/обновлено: 0, помечено неактивными: 0
2026-08-24 22:10:13 [INFO] [main.py] [work_ua] поиск по 'customer support'...
2026-08-24 22:10:13 [INFO] [main.py]   найдено 0 вакансий, добираю описания...
2026-08-24 22:10:13 [INFO] [main.py]   сохранено/обновлено: 0, помечено неактивными: 0
2026-08-24 22:10:13 [INFO] [main.py] [work_ua] поиск по 'customer success manager'...
2026-08-24 22:10:13 [INFO] [main.py]   найдено 0 вакансий, добираю описания...
2026-08-24 22:10:13 [INFO] [main.py]   сохранено/обновлено: 0, помечено неактивными: 0
2026-08-24 22:10:13 [INFO] [main.py] [work_ua] поиск по 'call center operator'...
2026-08-24 22:10:13 [INFO] [main.py]   найдено 0 вакансий, добираю описания...
2026-08-24 22:10:13 [INFO] [main.py]   сохранено/обновлено: 0, помечено неактивными: 0
2026-08-24 22:10:13 [INFO] [main.py] [work_ua] поиск по 'менеджер з продажу'...
2026-08-24 22:10:13 [INFO] [main.py]   найдено 0 вакансий, добираю описания...
2026-08-24 22:10:13 [INFO] [main.py]   сохранено/обновлено: 0, помечено неактивными: 0
2026-08-24 22:10:13 [INFO] [main.py] [work_ua] поиск по 'торговий представник'...
2026-08-24 22:10:13 [INFO] [main.py]   найдено 0 вакансий, добираю описания...
2026-08-24 22:10:13 [INFO] [main.py]   сохранено/обновлено: 0, помечено неактивными: 0
2026-08-24 22:10:13 [INFO] [main.py] [work_ua] поиск по 'marketing manager'...
2026-08-24 22:10:13 [INFO] [main.py]   найдено 0 вакансий, добираю описания...
2026-08-24 22:10:13 [INFO] [main.py]   сохранено/обновлено: 0, помечено неактивными: 0
2026-08-24 22:10:13 [INFO] [main.py] [work_ua] поиск по 'digital marketing manager'...
2026-08-24 22:10:13 [INFO] [main.py]   найдено 0 вакансий, добираю описания...
2026-08-24 22:10:13 [INFO] [main.py]   сохранено/обновлено: 0, помечено неактивными: 0
2026-08-24 22:10:13 [INFO] [main.py] [work_ua] поиск по 'smm manager'...
2026-08-24 22:10:13 [INFO] [main.py]   найдено 0 вакансий, добираю описания...
2026-08-24 22:10:13 [INFO] [main.py]   сохранено/обновлено: 0, помечено неактивными: 0
2026-08-24 22:10:13 [INFO] [main.py] [work_ua] поиск по 'seo спеціаліст'...
2026-08-24 22:10:13 [INFO] [main.py]   найдено 0 вакансий, добираю описания...
2026-08-24 22:10:13 [INFO] [main.py]   сохранено/обновлено: 0, помечено неактивными: 0
2026-08-24 22:10:13 [INFO] [main.py] [work_ua] поиск по 'ppc спеціаліст'...
2026-08-24 22:10:13 [INFO] [main.py]   найдено 0 вакансий, добираю описания...
2026-08-24 22:10:13 [INFO] [main.py]   сохранено/обновлено: 0, помечено неактивными: 0
2026-08-24 22:10:13 [INFO] [main.py] [work_ua] поиск по 'content manager'...
2026-08-24 22:10:13 [INFO] [main.py]   найдено 0 вакансий, добираю описания...
2026-08-24 22:10:13 [INFO] [main.py]   сохранено/обновлено: 0, помечено неактивными: 0
2026-08-24 22:10:13 [INFO] [main.py] [work_ua] поиск по 'копірайтер'...
2026-08-24 22:10:13 [INFO] [main.py]   найдено 0 вакансий, добираю описания...
2026-08-24 22:10:13 [INFO] [main.py]   сохранено/обновлено: 0, помечено неактивными: 0
2026-08-24 22:10:13 [INFO] [main.py] [work_ua] поиск по 'редактор'...
2026-08-24 22:10:13 [INFO] [main.py]   найдено 0 вакансий, добираю описания...
2026-08-24 22:10:13 [INFO] [main.py]   сохранено/обновлено: 0, помечено неактивными: 0
2026-08-24 22:10:13 [INFO] [main.py] [work_ua] поиск по 'pr manager'...
2026-08-24 22:10:13 [INFO] [main.py]   найдено 0 вакансий, добираю описания...
2026-08-24 22:10:13 [INFO] [main.py]   сохранено/обновлено: 0, помечено неактивными: 0
2026-08-24 22:10:13 [INFO] [main.py] [work_ua] поиск по 'event manager'...
2026-08-24 22:10:13 [INFO] [main.py]   найдено 0 вакансий, добираю описания...
2026-08-24 22:10:13 [INFO] [main.py]   сохранено/обновлено: 0, помечено неактивными: 0
2026-08-24 22:10:13 [INFO] [main.py] [work_ua] поиск по 'бренд-менеджер'...
2026-08-24 22:10:13 [INFO] [main.py]   найдено 0 вакансий, добираю описания...
2026-08-24 22:10:13 [INFO] [main.py]   сохранено/обновлено: 0, помечено неактивными: 0
2026-08-24 22:10:13 [INFO] [main.py] [work_ua] поиск по 'бухгалтер'...
2026-08-24 22:10:13 [INFO] [main.py]   найдено 0 вакансий, добираю описания...
2026-08-24 22:10:13 [INFO] [main.py]   сохранено/обновлено: 0, помечено неактивными: 0
2026-08-24 22:10:13 [INFO] [main.py] [work_ua] поиск по 'головний бухгалтер'...
2026-08-24 22:10:13 [INFO] [main.py]   найдено 0 вакансий, добираю описания...
2026-08-24 22:10:13 [INFO] [main.py]   сохранено/обновлено: 0, помечено неактивными: 0
2026-08-24 22:10:13 [INFO] [main.py] [work_ua] поиск по 'фінансовий аналітик'...
2026-08-24 22:10:13 [INFO] [main.py]   найдено 0 вакансий, добираю описания...
2026-08-24 22:10:13 [INFO] [main.py]   сохранено/обновлено: 0, помечено неактивными: 0
2026-08-24 22:10:13 [INFO] [main.py] [work_ua] поиск по 'фінансовий директор'...
2026-08-24 22:10:13 [INFO] [main.py]   найдено 0 вакансий, добираю описания...
2026-08-24 22:10:13 [INFO] [main.py]   сохранено/обновлено: 0, помечено неактивными: 0
2026-08-24 22:10:13 [INFO] [main.py] [work_ua] поиск по 'економіст'...
2026-08-24 22:10:13 [INFO] [main.py]   найдено 0 вакансий, добираю описания...
2026-08-24 22:10:13 [INFO] [main.py]   сохранено/обновлено: 0, помечено неактивными: 0
2026-08-24 22:10:13 [INFO] [main.py] [work_ua] поиск по 'аудитор'...
2026-08-24 22:10:13 [INFO] [main.py]   найдено 0 вакансий, добираю описания...
2026-08-24 22:10:13 [INFO] [main.py]   сохранено/обновлено: 0, помечено неактивными: 0
2026-08-24 22:12:10 [INFO] [main.py] [work_ua] поиск по 'юрист'...
2026-08-24 22:12:10 [INFO] [main.py]   найдено 0 вакансий, добираю описания...
2026-08-24 22:12:10 [INFO] [main.py]   сохранено/обновлено: 0, помечено неактивными: 0
2026-08-24 22:12:10 [INFO] [main.py] [work_ua] поиск по 'юрисконсульт'...
2026-08-24 22:12:10 [INFO] [main.py]   найдено 0 вакансий, добираю описания...
2026-08-24 22:12:10 [INFO] [main.py]   сохранено/обновлено: 0, помечено неактивными: 0
2026-08-24 22:12:10 [INFO] [main.py] [work_ua] поиск по 'адвокат'...
2026-08-24 22:12:10 [INFO] [main.py]   найдено 0 вакансий, добираю описания...
2026-08-24 22:12:10 [INFO] [main.py]   сохранено/обновлено: 0, помечено неактивными: 0
2026-08-24 22:12:10 [INFO] [main.py] [work_ua] поиск по 'логіст'...
2026-08-24 22:12:10 [INFO] [main.py]   найдено 0 вакансий, добираю описания...
2026-08-24 22:12:10 [INFO] [main.py]   сохранено/обновлено: 0, помечено неактивными: 0
2026-08-24 22:12:10 [INFO] [main.py] [work_ua] поиск по 'менеджер з логістики'...
2026-08-24 22:12:10 [INFO] [main.py]   найдено 0 вакансий, добираю описания...
2026-08-24 22:12:10 [INFO] [main.py]   сохранено/обновлено: 0, помечено неактивными: 0
2026-08-24 22:12:10 [INFO] [main.py] [work_ua] поиск по 'диспетчер'...
2026-08-24 22:12:10 [INFO] [main.py]   найдено 0 вакансий, добираю описания...
2026-08-24 22:12:10 [INFO] [main.py]   сохранено/обновлено: 0, помечено неактивными: 0
2026-08-24 22:12:10 [INFO] [main.py] [work_ua] поиск по 'комірник'...
2026-08-24 22:12:10 [INFO] [main.py]   найдено 0 вакансий, добираю описания...
2026-08-24 22:12:10 [INFO] [main.py]   сохранено/обновлено: 0, помечено неактивными: 0
2026-08-24 22:12:10 [INFO] [main.py] [work_ua] поиск по 'водій'...
2026-08-24 22:12:10 [INFO] [main.py]   найдено 0 вакансий, добираю описания...
2026-08-24 22:12:10 [INFO] [main.py]   сохранено/обновлено: 0, помечено неактивными: 0
2026-08-24 22:12:10 [INFO] [main.py] [work_ua] поиск по 'водій категорії с'...
2026-08-24 22:12:10 [INFO] [main.py]   найдено 0 вакансий, добираю описания...
2026-08-24 22:12:10 [INFO] [main.py]   сохранено/обновлено: 0, помечено неактивными: 0
2026-08-24 22:12:10 [INFO] [main.py] [work_ua] поиск по 'кур'єр'...
2026-08-24 22:12:10 [INFO] [main.py]   найдено 0 вакансий, добираю описания...
2026-08-24 22:12:10 [INFO] [main.py]   сохранено/обновлено: 0, помечено неактивными: 0
2026-08-24 22:12:10 [INFO] [main.py] [work_ua] поиск по 'складський працівник'...
2026-08-24 22:12:10 [INFO] [main.py]   найдено 0 вакансий, добираю описания...
2026-08-24 22:12:10 [INFO] [main.py]   сохранено/обновлено: 0, помечено неактивными: 0
2026-08-24 22:12:10 [INFO] [main.py] [work_ua] поиск по 'менеджер зі закупівель'...
2026-08-24 22:12:10 [INFO] [main.py]   найдено 0 вакансий, добираю описания...
2026-08-24 22:12:10 [INFO] [main.py]   сохранено/обновлено: 0, помечено неактивными: 0
2026-08-24 22:12:10 [INFO] [main.py] [work_ua] поиск по 'procurement manager'...
2026-08-24 22:12:10 [INFO] [main.py]   найдено 0 вакансий, добираю описания...
2026-08-24 22:12:10 [INFO] [main.py]   сохранено/обновлено: 0, помечено неактивными: 0
2026-08-24 22:12:10 [INFO] [main.py] [work_ua] поиск по 'supply chain manager'...
2026-08-24 22:12:10 [INFO] [main.py]   найдено 0 вакансий, добираю описания...
2026-08-24 22:12:10 [INFO] [main.py]   сохранено/обновлено: 0, помечено неактивными: 0
2026-08-24 22:12:10 [INFO] [main.py] [work_ua] поиск по 'секретар'...
2026-08-24 22:12:10 [INFO] [main.py]   найдено 0 вакансий, добираю описания...
2026-08-24 22:12:10 [INFO] [main.py]   сохранено/обновлено: 0, помечено неактивными: 0
2026-08-24 22:12:10 [INFO] [main.py] [work_ua] поиск по 'адміністратор'...
2026-08-24 22:12:10 [INFO] [main.py]   найдено 0 вакансий, добираю описания...
2026-08-24 22:12:10 [INFO] [main.py]   сохранено/обновлено: 0, помечено неактивными: 0
2026-08-24 22:12:10 [INFO] [main.py] [work_ua] поиск по 'асистент керівника'...
2026-08-24 22:12:10 [INFO] [main.py]   найдено 0 вакансий, добираю описания...
2026-08-24 22:12:10 [INFO] [main.py]   сохранено/обновлено: 0, помечено неактивными: 0
2026-08-24 22:12:10 [INFO] [main.py] [work_ua] поиск по 'перекладач'...
2026-08-24 22:12:10 [INFO] [main.py]   найдено 0 вакансий, добираю описания...
2026-08-24 22:12:10 [INFO] [main.py]   сохранено/обновлено: 0, помечено неактивными: 0
2026-08-24 22:12:10 [INFO] [main.py] [work_ua] поиск по 'вчитель'...
2026-08-24 22:12:10 [INFO] [main.py]   найдено 0 вакансий, добираю описания...
2026-08-24 22:12:10 [INFO] [main.py]   сохранено/обновлено: 0, помечено неактивными: 0
2026-08-24 22:12:10 [INFO] [main.py] [work_ua] поиск по 'викладач'...
2026-08-24 22:12:10 [INFO] [main.py]   найдено 0 вакансий, добираю описания...
2026-08-24 22:12:10 [INFO] [main.py]   сохранено/обновлено: 0, помечено неактивными: 0
2026-08-24 22:12:10 [INFO] [main.py] [work_ua] поиск по 'репетитор'...
2026-08-24 22:12:10 [INFO] [main.py]   найдено 0 вакансий, добираю описания...
2026-08-24 22:12:10 [INFO] [main.py]   сохранено/обновлено: 0, помечено неактивными: 0
2026-08-24 22:12:10 [INFO] [main.py] [work_ua] поиск по 'вихователь'...
2026-08-24 22:12:10 [INFO] [main.py]   найдено 0 вакансий, добираю описания...
2026-08-24 22:12:10 [INFO] [main.py]   сохранено/обновлено: 0, помечено неактивными: 0
2026-08-24 22:12:10 [INFO] [main.py] [work_ua] поиск по 'лікар'...
2026-08-24 22:12:10 [INFO] [main.py]   найдено 0 вакансий, добираю описания...
2026-08-24 22:12:10 [INFO] [main.py]   сохранено/обновлено: 0, помечено неактивными: 0
2026-08-24 22:12:10 [INFO] [main.py] [work_ua] поиск по 'медсестра'...
2026-08-24 22:12:10 [INFO] [main.py]   найдено 0 вакансий, добираю описания...
2026-08-24 22:12:10 [INFO] [main.py]   сохранено/обновлено: 0, помечено неактивными: 0
2026-08-24 22:12:10 [INFO] [main.py] [work_ua] поиск по 'фармацевт'...
2026-08-24 22:12:10 [INFO] [main.py]   найдено 0 вакансий, добираю описания...
2026-08-24 22:12:10 [INFO] [main.py]   сохранено/обновлено: 0, помечено неактивными: 0
2026-08-24 22:12:10 [INFO] [main.py] [work_ua] поиск по 'провізор'...
2026-08-24 22:12:10 [INFO] [main.py]   найдено 0 вакансий, добираю описания...
2026-08-24 22:12:10 [INFO] [main.py]   сохранено/обновлено: 0, помечено неактивными: 0
2026-08-24 22:12:10 [INFO] [main.py] [work_ua] поиск по 'психолог'...
2026-08-24 22:12:10 [INFO] [main.py]   найдено 0 вакансий, добираю описания...
2026-08-24 22:12:10 [INFO] [main.py]   сохранено/обновлено: 0, помечено неактивными: 0
2026-08-24 22:12:10 [INFO] [main.py] [work_ua] поиск по 'менеджер готелю'...
2026-08-24 22:12:10 [INFO] [main.py]   найдено 0 вакансий, добираю описания...
2026-08-24 22:12:10 [INFO] [main.py]   сохранено/обновлено: 0, помечено неактивными: 0
2026-08-24 22:12:10 [INFO] [main.py] [work_ua] поиск по 'адміністратор готелю'...
2026-08-24 22:12:10 [INFO] [main.py]   найдено 0 вакансий, добираю описания...
2026-08-24 22:12:10 [INFO] [main.py]   сохранено/обновлено: 0, помечено неактивными: 0
2026-08-24 22:12:10 [INFO] [main.py] [work_ua] поиск по 'офіціант'...
2026-08-24 22:12:10 [INFO] [main.py]   найдено 0 вакансий, добираю описания...
2026-08-24 22:12:10 [INFO] [main.py]   сохранено/обновлено: 0, помечено неактивными: 0
2026-08-24 22:12:10 [INFO] [main.py] [work_ua] поиск по 'бармен'...
2026-08-24 22:12:10 [INFO] [main.py]   найдено 0 вакансий, добираю описания...
2026-08-24 22:12:10 [INFO] [main.py]   сохранено/обновлено: 0, помечено неактивными: 0
2026-08-24 22:12:10 [INFO] [main.py] [work_ua] поиск по 'кухар'...
2026-08-24 22:12:10 [INFO] [main.py]   найдено 0 вакансий, добираю описания...
2026-08-24 22:12:10 [INFO] [main.py]   сохранено/обновлено: 0, помечено неактивными: 0
2026-08-24 22:12:10 [INFO] [main.py] [work_ua] поиск по 'шеф-кухар'...
2026-08-24 22:12:10 [INFO] [main.py]   найдено 0 вакансий, добираю описания...
2026-08-24 22:12:10 [INFO] [main.py]   сохранено/обновлено: 0, помечено неактивными: 0
2026-08-24 22:12:10 [INFO] [main.py] [work_ua] поиск по 'пекар'...
2026-08-24 22:12:10 [INFO] [main.py]   найдено 0 вакансий, добираю описания...
2026-08-24 22:12:10 [INFO] [main.py]   сохранено/обновлено: 0, помечено неактивными: 0
2026-08-24 22:12:10 [INFO] [main.py] [work_ua] поиск по 'кондитер'...
2026-08-24 22:12:10 [INFO] [main.py]   найдено 0 вакансий, добираю описания...
2026-08-24 22:12:10 [INFO] [main.py]   сохранено/обновлено: 0, помечено неактивными: 0
2026-08-24 22:12:10 [INFO] [main.py] [work_ua] поиск по 'продавець-консультант'...
2026-08-24 22:12:10 [INFO] [main.py]   найдено 0 вакансий, добираю описания...
2026-08-24 22:12:10 [INFO] [main.py]   сохранено/обновлено: 0, помечено неактивными: 0
2026-08-24 22:12:10 [INFO] [main.py] [work_ua] поиск по 'касир'...
2026-08-24 22:12:10 [INFO] [main.py]   найдено 0 вакансий, добираю описания...
2026-08-24 22:12:10 [INFO] [main.py]   сохранено/обновлено: 0, помечено неактивными: 0
2026-08-24 22:12:10 [INFO] [main.py] [work_ua] поиск по 'директор магазину'...
2026-08-24 22:12:10 [INFO] [main.py]   найдено 0 вакансий, добираю описания...
2026-08-24 22:12:10 [INFO] [main.py]   сохранено/обновлено: 0, помечено неактивными: 0
2026-08-24 22:12:10 [INFO] [main.py] [work_ua] поиск по 'merchandiser'...
2026-08-24 22:12:10 [INFO] [main.py]   найдено 0 вакансий, добираю описания...
2026-08-24 22:12:10 [INFO] [main.py]   сохранено/обновлено: 0, помечено неактивными: 0
2026-08-24 22:12:10 [INFO] [main.py] [work_ua] поиск по 'мерчандайзер'...
2026-08-24 22:12:10 [INFO] [main.py]   найдено 0 вакансий, добираю описания...
2026-08-24 22:12:10 [INFO] [main.py]   сохранено/обновлено: 0, помечено неактивными: 0
2026-08-24 22:12:10 [INFO] [main.py] [work_ua] поиск по 'охоронець'...
2026-08-24 22:12:10 [INFO] [main.py]   найдено 0 вакансий, добираю описания...
2026-08-24 22:12:10 [INFO] [main.py]   сохранено/обновлено: 0, помечено неактивными: 0
2026-08-24 22:12:10 [INFO] [main.py] [work_ua] поиск по 'прибиральниця'...
2026-08-24 22:12:10 [INFO] [main.py]   найдено 0 вакансий, добираю описания...
2026-08-24 22:12:10 [INFO] [main.py]   сохранено/обновлено: 0, помечено неактивными: 0
2026-08-24 22:12:10 [INFO] [main.py] [work_ua] поиск по 'electrician'...
2026-08-24 22:12:10 [INFO] [main.py]   найдено 0 вакансий, добираю описания...
2026-08-24 22:12:10 [INFO] [main.py]   сохранено/обновлено: 0, помечено неактивными: 0
2026-08-24 22:12:10 [INFO] [main.py] [work_ua] поиск по 'electric technician'...
2026-08-24 22:12:10 [INFO] [main.py]   найдено 0 вакансий, добираю описания...
2026-08-24 22:12:10 [INFO] [main.py]   сохранено/обновлено: 0, помечено неактивными: 0
2026-08-24 22:12:10 [INFO] [main.py] [work_ua] поиск по 'слюсар'...
2026-08-24 22:12:10 [INFO] [main.py]   найдено 0 вакансий, добираю описания...
2026-08-24 22:12:10 [INFO] [main.py]   сохранено/обновлено: 0, помечено неактивными: 0
2026-08-24 22:12:10 [INFO] [main.py] [work_ua] поиск по 'зварювальник'...
2026-08-24 22:12:10 [INFO] [main.py]   найдено 0 вакансий, добираю описания...
2026-08-24 22:12:10 [INFO] [main.py]   сохранено/обновлено: 0, помечено неактивными: 0
2026-08-24 22:12:10 [INFO] [main.py] [work_ua] поиск по 'будівельник'...
2026-08-24 22:12:10 [INFO] [main.py]   найдено 0 вакансий, добираю описания...
2026-08-24 22:12:10 [INFO] [main.py]   сохранено/обновлено: 0, помечено неактивными: 0
2026-08-24 22:12:10 [INFO] [main.py] [work_ua] поиск по 'прораб'...
2026-08-24 22:12:10 [INFO] [main.py]   найдено 0 вакансий, добираю описания...
2026-08-24 22:12:10 [INFO] [main.py]   сохранено/обновлено: 0, помечено неактивными: 0
2026-08-24 22:12:10 [INFO] [main.py] [work_ua] поиск по 'architect'...
2026-08-24 22:12:10 [INFO] [main.py]   найдено 0 вакансий, добираю описания...
2026-08-24 22:12:10 [INFO] [main.py]   сохранено/обновлено: 0, помечено неактивными: 0
2026-08-24 22:12:10 [INFO] [main.py] [work_ua] поиск по 'архітектор'...
2026-08-24 22:12:10 [INFO] [main.py]   найдено 0 вакансий, добираю описания...
2026-08-24 22:12:10 [INFO] [main.py]   сохранено/обновлено: 0, помечено неактивными: 0
2026-08-24 22:12:10 [INFO] [main.py] [work_ua] поиск по 'інженер-конструктор'...
2026-08-24 22:12:10 [INFO] [main.py]   найдено 0 вакансий, добираю описания...
2026-08-24 22:12:10 [INFO] [main.py]   сохранено/обновлено: 0, помечено неактивными: 0
2026-08-24 22:12:10 [INFO] [main.py] [work_ua] поиск по 'інженер-технолог'...
2026-08-24 22:12:10 [INFO] [main.py]   найдено 0 вакансий, добираю описания...
2026-08-24 22:12:10 [INFO] [main.py]   сохранено/обновлено: 0, помечено неактивными: 0
2026-08-24 22:12:10 [INFO] [main.py] [work_ua] поиск по 'інженер з якості'...
2026-08-24 22:12:10 [INFO] [main.py]   найдено 0 вакансий, добираю описания...
2026-08-24 22:12:10 [INFO] [main.py]   сохранено/обновлено: 0, помечено неактивными: 0
2026-08-24 22:12:10 [INFO] [main.py] [work_ua] поиск по 'quality engineer'...
2026-08-24 22:12:10 [INFO] [main.py]   найдено 0 вакансий, добираю описания...
2026-08-24 22:12:10 [INFO] [main.py]   сохранено/обновлено: 0, помечено неактивными: 0
2026-08-24 22:12:10 [INFO] [main.py] [work_ua] поиск по 'process engineer'...
2026-08-24 22:12:10 [INFO] [main.py]   найдено 0 вакансий, добираю описания...
2026-08-24 22:12:10 [INFO] [main.py]   сохранено/обновлено: 0, помечено неактивными: 0
2026-08-24 22:12:10 [INFO] [main.py] [work_ua] поиск по 'виробничий інженер'...
2026-08-24 22:12:10 [INFO] [main.py]   найдено 0 вакансий, добираю описания...
2026-08-24 22:12:10 [INFO] [main.py]   сохранено/обновлено: 0, помечено неактивными: 0
2026-08-24 22:12:10 [INFO] [main.py] [work_ua] поиск по 'оператор верстата з чпу'...
2026-08-24 22:12:10 [INFO] [main.py]   найдено 0 вакансий, добираю описания...
2026-08-24 22:12:10 [INFO] [main.py]   сохранено/обновлено: 0, помечено неактивными: 0
2026-08-24 22:12:10 [INFO] [main.py] [work_ua] поиск по 'складальник'...
2026-08-24 22:12:10 [INFO] [main.py]   найдено 0 вакансий, добираю описания...
2026-08-24 22:12:10 [INFO] [main.py]   сохранено/обновлено: 0, помечено неактивными: 0
2026-08-24 22:12:10 [INFO] [main.py] [work_ua] поиск по 'швея'...
2026-08-24 22:12:10 [INFO] [main.py]   найдено 0 вакансий, добираю описания...
2026-08-24 22:12:10 [INFO] [main.py]   сохранено/обновлено: 0, помечено неактивными: 0
2026-08-24 22:12:10 [INFO] [main.py] [work_ua] поиск по 'кравець'...
2026-08-24 22:12:10 [INFO] [main.py]   найдено 0 вакансий, добираю описания...
2026-08-24 22:12:10 [INFO] [main.py]   сохранено/обновлено: 0, помечено неактивными: 0
2026-08-24 22:12:10 [INFO] [main.py] [work_ua] поиск по 'косметолог'...
2026-08-24 22:12:10 [INFO] [main.py]   найдено 0 вакансий, добираю описания...
2026-08-24 22:12:10 [INFO] [main.py]   сохранено/обновлено: 0, помечено неактивными: 0
2026-08-24 22:12:10 [INFO] [main.py] [work_ua] поиск по 'візажист'...
2026-08-24 22:12:10 [INFO] [main.py]   найдено 0 вакансий, добираю описания...
2026-08-24 22:12:10 [INFO] [main.py]   сохранено/обновлено: 0, помечено неактивными: 0
2026-08-24 22:12:10 [INFO] [main.py] [work_ua] поиск по 'перукар'...
2026-08-24 22:26:40 [INFO] [main.py]   найдено 0 вакансий, добираю описания...
2026-08-24 22:26:40 [INFO] [main.py]   сохранено/обновлено: 0, помечено неактивными: 0
2026-08-24 22:26:40 [INFO] [main.py] [work_ua] поиск по 'масажист'...
2026-08-24 22:26:40 [INFO] [main.py]   найдено 0 вакансий, добираю описания...
2026-08-24 22:26:40 [INFO] [main.py]   сохранено/обновлено: 0, помечено неактивными: 0
2026-08-24 22:26:40 [INFO] [main.py] [work_ua] поиск по 'фітнес-тренер'...
2026-08-24 22:26:40 [INFO] [main.py]   найдено 0 вакансий, добираю описания...
2026-08-24 22:26:40 [INFO] [main.py]   сохранено/обновлено: 0, помечено неактивными: 0
2026-08-24 22:26:40 [INFO] [main.py] [work_ua] поиск по 'менеджер з туризму'...
2026-08-24 22:26:40 [INFO] [main.py]   найдено 0 вакансий, добираю описания...
2026-08-24 22:26:40 [INFO] [main.py]   сохранено/обновлено: 0, помечено неактивными: 0
2026-08-24 22:26:40 [INFO] [main.py] [work_ua] поиск по 'travel manager'...
2026-08-24 22:26:40 [INFO] [main.py]   найдено 0 вакансий, добираю описания...
2026-08-24 22:26:40 [INFO] [main.py]   сохранено/обновлено: 0, помечено неактивными: 0
2026-08-24 22:26:40 [INFO] [main.py] [work_ua] поиск по 'event coordinator'...
2026-08-24 22:26:40 [INFO] [main.py]   найдено 0 вакансий, добираю описания...
2026-08-24 22:26:40 [INFO] [main.py]   сохранено/обновлено: 0, помечено неактивными: 0
2026-08-24 22:26:40 [INFO] [main.py] [work_ua] поиск по 'customer service representative'...
2026-08-24 22:26:40 [INFO] [main.py]   найдено 0 вакансий, добираю описания...
2026-08-24 22:26:40 [INFO] [main.py]   сохранено/обновлено: 0, помечено неактивными: 0
2026-08-24 22:26:40 [INFO] [main.py] [work_ua] поиск по 'back office'...
2026-08-24 22:26:40 [INFO] [main.py]   найдено 0 вакансий, добираю описания...
2026-08-24 22:26:40 [INFO] [main.py]   сохранено/обновлено: 0, помечено неактивными: 0
2026-08-24 22:26:40 [INFO] [main.py] [work_ua] поиск по 'office assistant'...
2026-08-24 22:26:40 [INFO] [main.py]   найдено 0 вакансий, добираю описания...
2026-08-24 22:26:40 [INFO] [main.py]   сохранено/обновлено: 0, помечено неактивными: 0
2026-08-24 22:26:40 [INFO] [main.py] [work_ua] поиск по 'data entry'...
2026-08-24 22:26:40 [INFO] [main.py]   найдено 0 вакансий, добираю описания...
2026-08-24 22:26:40 [INFO] [main.py]   сохранено/обновлено: 0, помечено неактивными: 0
2026-08-24 22:26:40 [INFO] [main.py] [work_ua] поиск по 'оператор call-центру'...
2026-08-24 22:26:40 [INFO] [main.py]   найдено 0 вакансий, добираю описания...
2026-08-24 22:26:40 [INFO] [main.py]   сохранено/обновлено: 0, помечено неактивными: 0
2026-08-24 22:26:40 [INFO] [main.py] [work_ua] поиск по 'outbound sales'...
2026-08-24 22:26:40 [INFO] [main.py]   найдено 0 вакансий, добираю описания...
2026-08-24 22:26:40 [INFO] [main.py]   сохранено/обновлено: 0, помечено неактивными: 0
2026-08-24 22:26:40 [INFO] [main.py] [work_ua] поиск по 'inbound sales'...
2026-08-24 22:26:40 [INFO] [main.py]   найдено 0 вакансий, добираю описания...
2026-08-24 22:26:40 [INFO] [main.py]   сохранено/обновлено: 0, помечено неактивными: 0
2026-08-24 22:26:40 [INFO] [main.py] [work_ua] поиск по 'territory manager'...
2026-08-24 22:26:40 [INFO] [main.py]   найдено 0 вакансий, добираю описания...
2026-08-24 22:26:40 [INFO] [main.py]   сохранено/обновлено: 0, помечено неактивными: 0
2026-08-24 22:26:40 [INFO] [main.py] [work_ua] поиск по 'regional manager'...
2026-08-24 22:26:40 [INFO] [main.py]   найдено 0 вакансий, добираю описания...
2026-08-24 22:26:40 [INFO] [main.py]   сохранено/обновлено: 0, помечено неактивными: 0
2026-08-24 22:26:40 [INFO] [main.py] [work_ua] поиск по 'retail manager'...
2026-08-24 22:26:40 [INFO] [main.py]   найдено 0 вакансий, добираю описания...
2026-08-24 22:26:40 [INFO] [main.py]   сохранено/обновлено: 0, помечено неактивными: 0
2026-08-24 22:26:40 [INFO] [main.py] [work_ua] поиск по 'store manager'...
2026-08-24 22:26:40 [INFO] [main.py]   найдено 0 вакансий, добираю описания...
2026-08-24 22:26:40 [INFO] [main.py]   сохранено/обновлено: 0, помечено неактивными: 0
2026-08-24 22:26:40 [INFO] [main.py] [work_ua] поиск по 'warehouse manager'...
2026-08-24 22:26:40 [INFO] [main.py]   найдено 0 вакансий, добираю описания...
2026-08-24 22:26:40 [INFO] [main.py]   сохранено/обновлено: 0, помечено неактивными: 0
2026-08-24 22:26:40 [INFO] [main.py] [work_ua] поиск по 'fleet manager'...
2026-08-24 22:26:40 [INFO] [main.py]   найдено 0 вакансий, добираю описания...
2026-08-24 22:26:40 [INFO] [main.py]   сохранено/обновлено: 0, помечено неактивными: 0
2026-08-24 22:26:40 [INFO] [main.py] [work_ua] поиск по 'insurance agent'...
2026-08-24 22:26:40 [INFO] [main.py]   найдено 0 вакансий, добираю описания...
2026-08-24 22:26:40 [INFO] [main.py]   сохранено/обновлено: 0, помечено неактивными: 0
2026-08-24 22:26:40 [INFO] [main.py] [work_ua] поиск по 'страховий агент'...
2026-08-24 22:26:40 [INFO] [main.py]   найдено 0 вакансий, добираю описания...
2026-08-24 22:26:40 [INFO] [main.py]   сохранено/обновлено: 0, помечено неактивными: 0
2026-08-24 22:26:40 [INFO] [main.py] [work_ua] поиск по 'менеджер з нерухомості'...
2026-08-24 22:26:40 [INFO] [main.py]   найдено 0 вакансий, добираю описания...
2026-08-24 22:26:40 [INFO] [main.py]   сохранено/обновлено: 0, помечено неактивными: 0
2026-08-24 22:26:40 [INFO] [main.py] [work_ua] поиск по 'рієлтор'...
2026-08-24 22:26:40 [INFO] [main.py]   найдено 0 вакансий, добираю описания...
2026-08-24 22:26:40 [INFO] [main.py]   сохранено/обновлено: 0, помечено неактивными: 0
2026-08-24 22:26:40 [INFO] [main.py] [work_ua] поиск по 'agronomist'...
2026-08-24 22:26:40 [INFO] [main.py]   найдено 0 вакансий, добираю описания...
2026-08-24 22:26:40 [INFO] [main.py]   сохранено/обновлено: 0, помечено неактивными: 0
2026-08-24 22:26:40 [INFO] [main.py] [work_ua] поиск по 'агроном'...
2026-08-24 22:26:40 [INFO] [main.py]   найдено 0 вакансий, добираю описания...
2026-08-24 22:26:40 [INFO] [main.py]   сохранено/обновлено: 0, помечено неактивными: 0
2026-08-24 22:26:40 [INFO] [main.py] [work_ua] поиск по 'ветеринар'...
2026-08-24 22:26:40 [INFO] [main.py]   найдено 0 вакансий, добираю описания...
2026-08-24 22:26:40 [INFO] [main.py]   сохранено/обновлено: 0, помечено неактивными: 0
2026-08-24 22:26:40 [INFO] [main.py] [work_ua] поиск по 'inspector'...
2026-08-24 22:26:40 [INFO] [main.py]   найдено 0 вакансий, добираю описания...
2026-08-24 22:26:40 [INFO] [main.py]   сохранено/обновлено: 0, помечено неактивными: 0
2026-08-24 22:26:40 [INFO] [main.py] [work_ua] поиск по 'контролер якості'...
2026-08-24 22:26:40 [INFO] [main.py]   найдено 0 вакансий, добираю описания...
2026-08-24 22:26:40 [INFO] [main.py]   сохранено/обновлено: 0, помечено неактивными: 0
2026-08-24 22:26:40 [INFO] [main.py] [work_ua] поиск по 'technical recruiter'...
2026-08-24 22:26:40 [INFO] [main.py]   найдено 0 вакансий, добираю описания...
2026-08-24 22:26:40 [INFO] [main.py]   сохранено/обновлено: 0, помечено неактивными: 0
2026-08-24 22:26:40 [INFO] [main.py] [work_ua] поиск по 'payroll specialist'...
2026-08-24 22:26:40 [INFO] [main.py]   найдено 0 вакансий, добираю описания...
2026-08-24 22:26:40 [INFO] [main.py]   сохранено/обновлено: 0, помечено неактивными: 0
2026-08-24 22:26:40 [INFO] [main.py] [work_ua] поиск по 'compensation and benefits'...
2026-08-24 22:26:40 [INFO] [main.py]   найдено 0 вакансий, добираю описания...
2026-08-24 22:26:40 [INFO] [main.py]   сохранено/обновлено: 0, помечено неактивными: 0
2026-08-24 22:26:40 [INFO] [main.py] [work_ua] поиск по 'learning and development'...
2026-08-24 22:26:40 [INFO] [main.py]   найдено 0 вакансий, добираю описания...
2026-08-24 22:26:40 [INFO] [main.py]   сохранено/обновлено: 0, помечено неактивными: 0
2026-08-24 22:26:40 [INFO] [main.py] [work_ua] поиск по 'office coordinator'...
2026-08-24 22:26:40 [INFO] [main.py]   найдено 0 вакансий, добираю описания...
2026-08-24 22:26:40 [INFO] [main.py]   сохранено/обновлено: 0, помечено неактивными: 0
2026-08-24 22:26:40 [INFO] [main.py] [work_ua] поиск по 'executive assistant'...
2026-08-24 22:26:40 [INFO] [main.py]   найдено 0 вакансий, добираю описания...
2026-08-24 22:26:40 [INFO] [main.py]   сохранено/обновлено: 0, помечено неактивными: 0
2026-08-24 22:26:40 [INFO] [main.py] [work_ua] поиск по 'personal assistant'...
2026-08-24 22:26:40 [INFO] [main.py]   найдено 0 вакансий, добираю описания...
2026-08-24 22:26:40 [INFO] [main.py]   сохранено/обновлено: 0, помечено неактивными: 0
2026-08-24 22:26:40 [INFO] [main.py] [work_ua] поиск по 'finance manager'...
2026-08-24 22:26:40 [INFO] [main.py]   найдено 0 вакансий, добираю описания...
2026-08-24 22:26:40 [INFO] [main.py]   сохранено/обновлено: 0, помечено неактивными: 0
2026-08-24 22:26:40 [INFO] [main.py] [work_ua] поиск по 'treasury analyst'...
2026-08-24 22:26:40 [INFO] [main.py]   найдено 0 вакансий, добираю описания...
2026-08-24 22:26:40 [INFO] [main.py]   сохранено/обновлено: 0, помечено неактивными: 0
2026-08-24 22:26:40 [INFO] [main.py] [work_ua] поиск по 'credit analyst'...
2026-08-24 22:26:40 [INFO] [main.py]   найдено 0 вакансий, добираю описания...
2026-08-24 22:26:40 [INFO] [main.py]   сохранено/обновлено: 0, помечено неактивными: 0
2026-08-24 22:26:40 [INFO] [main.py] [work_ua] поиск по 'risk manager'...
2026-08-24 22:26:40 [INFO] [main.py]   найдено 0 вакансий, добираю описания...
2026-08-24 22:26:40 [INFO] [main.py]   сохранено/обновлено: 0, помечено неактивными: 0
2026-08-24 22:26:40 [INFO] [main.py] [work_ua] поиск по 'compliance officer'...
2026-08-24 22:26:40 [INFO] [main.py]   найдено 0 вакансий, добираю описания...
2026-08-24 22:26:40 [INFO] [main.py]   сохранено/обновлено: 0, помечено неактивными: 0
2026-08-24 22:26:40 [INFO] [main.py] [work_ua] поиск по 'внутрішній аудитор'...
2026-08-24 22:26:40 [INFO] [main.py]   найдено 0 вакансий, добираю описания...
2026-08-24 22:26:40 [INFO] [main.py]   сохранено/обновлено: 0, помечено неактивными: 0
2026-08-24 22:26:40 [INFO] [main.py] [work_ua] поиск по 'tax specialist'...
2026-08-24 22:26:40 [INFO] [main.py]   найдено 0 вакансий, добираю описания...
2026-08-24 22:26:40 [INFO] [main.py]   сохранено/обновлено: 0, помечено неактивными: 0
2026-08-24 22:26:40 [INFO] [main.py] [work_ua] поиск по 'податковий консультант'...
2026-08-24 22:26:40 [INFO] [main.py]   найдено 0 вакансий, добираю описания...
2026-08-24 22:26:40 [INFO] [main.py]   сохранено/обновлено: 0, помечено неактивными: 0
2026-08-24 22:26:40 [INFO] [main.py] [work_ua] поиск по 'export manager'...
2026-08-24 22:26:40 [INFO] [main.py]   найдено 0 вакансий, добираю описания...
2026-08-24 22:26:40 [INFO] [main.py]   сохранено/обновлено: 0, помечено неактивными: 0
2026-08-24 22:26:40 [INFO] [main.py] [work_ua] поиск по 'import manager'...
2026-08-24 22:26:40 [INFO] [main.py]   найдено 0 вакансий, добираю описания...
2026-08-24 22:26:40 [INFO] [main.py]   сохранено/обновлено: 0, помечено неактивными: 0
2026-08-24 22:26:40 [INFO] [main.py] [work_ua] поиск по 'zed manager'...
2026-08-24 22:26:40 [INFO] [main.py]   найдено 0 вакансий, добираю описания...
2026-08-24 22:26:40 [INFO] [main.py]   сохранено/обновлено: 0, помечено неактивными: 0
2026-08-24 22:26:40 [INFO] [main.py] [work_ua] поиск по 'менеджер зовнішньоекономічної діяльності'...
2026-08-24 22:26:40 [INFO] [main.py]   найдено 0 вакансий, добираю описания...
2026-08-24 22:26:40 [INFO] [main.py]   сохранено/обновлено: 0, помечено неактивными: 0
2026-08-24 22:26:40 [INFO] [main.py] [work_ua] поиск по 'remote job'...
2026-08-24 22:26:40 [INFO] [main.py]   найдено 0 вакансий, добираю описания...
2026-08-24 22:26:40 [INFO] [main.py]   сохранено/обновлено: 0, помечено неактивными: 0
2026-08-24 22:26:40 [INFO] [main.py] [work_ua] поиск по 'робота віддалено'...
2026-08-24 22:26:40 [INFO] [main.py]   найдено 0 вакансий, добираю описания...
2026-08-24 22:26:40 [INFO] [main.py]   сохранено/обновлено: 0, помечено неактивными: 0
2026-08-24 22:26:40 [INFO] [main.py] [work_ua] поиск по 'part-time job'...
2026-08-24 22:26:40 [INFO] [main.py]   найдено 0 вакансий, добираю описания...
2026-08-24 22:26:40 [INFO] [main.py]   сохранено/обновлено: 0, помечено неактивными: 0
2026-08-24 22:26:40 [INFO] [main.py] [work_ua] поиск по 'підробіток'...
2026-08-24 22:26:40 [INFO] [main.py]   найдено 0 вакансий, добираю описания...
2026-08-24 22:26:40 [INFO] [main.py]   сохранено/обновлено: 0, помечено неактивными: 0
2026-08-24 22:26:40 [INFO] [main.py] [work_ua] поиск по 'freelance'...
2026-08-24 22:26:40 [INFO] [main.py]   найдено 0 вакансий, добираю описания...
2026-08-24 22:26:40 [INFO] [main.py]   сохранено/обновлено: 0, помечено неактивными: 0
2026-08-24 22:26:40 [INFO] [main.py] [work_ua] поиск по 'фрілансер'...
2026-08-24 22:26:40 [INFO] [main.py]   найдено 0 вакансий, добираю описания...
2026-08-24 22:26:40 [INFO] [main.py]   сохранено/обновлено: 0, помечено неактивными: 0
2026-08-24 22:26:40 [INFO] [main.py] [work_ua] поиск по 'стажування'...
2026-08-24 22:26:40 [INFO] [main.py]   найдено 0 вакансий, добираю описания...
2026-08-24 22:26:40 [INFO] [main.py]   сохранено/обновлено: 0, помечено неактивными: 0
2026-08-24 22:26:40 [INFO] [main.py] [work_ua] поиск по 'internship'...
2026-08-24 22:26:40 [INFO] [main.py]   найдено 0 вакансий, добираю описания...
2026-08-24 22:26:40 [INFO] [main.py]   сохранено/обновлено: 0, помечено неактивными: 0
2026-08-24 22:26:40 [INFO] [main.py] [work_ua] поиск по 'junior developer'...
2026-08-24 22:26:40 [INFO] [main.py]   найдено 0 вакансий, добираю описания...
2026-08-24 22:26:40 [INFO] [main.py]   сохранено/обновлено: 0, помечено неактивными: 0
2026-08-24 22:26:40 [INFO] [main.py] [work_ua] поиск по 'middle developer'...
2026-08-24 22:26:40 [INFO] [main.py]   найдено 0 вакансий, добираю описания...
2026-08-24 22:26:40 [INFO] [main.py]   сохранено/обновлено: 0, помечено неактивными: 0
2026-08-24 22:26:40 [INFO] [main.py] [work_ua] поиск по 'senior developer'...
2026-08-24 22:26:40 [INFO] [main.py]   найдено 0 вакансий, добираю описания...
2026-08-24 22:26:40 [INFO] [main.py]   сохранено/обновлено: 0, помечено неактивными: 0
2026-08-24 22:26:40 [INFO] [main.py] [work_ua] поиск по 'tech lead'...
2026-08-24 22:26:40 [INFO] [main.py]   найдено 0 вакансий, добираю описания...
2026-08-24 22:26:40 [INFO] [main.py]   сохранено/обновлено: 0, помечено неактивными: 0
2026-08-24 22:26:40 [INFO] [main.py] [work_ua] поиск по 'engineering manager'...
2026-08-24 22:26:40 [INFO] [main.py]   найдено 0 вакансий, добираю описания...
2026-08-24 22:26:40 [INFO] [main.py]   сохранено/обновлено: 0, помечено неактивными: 0
2026-08-24 22:26:40 [INFO] [main.py] [work_ua] поиск по 'cto'...
2026-08-24 22:26:40 [INFO] [main.py]   найдено 0 вакансий, добираю описания...
2026-08-24 22:41:21 [INFO] [main.py]   сохранено/обновлено: 0, помечено неактивными: 0
2026-08-24 22:41:21 [INFO] [main.py] [work_ua] поиск по 'chief technology officer'...
2026-08-24 22:41:21 [INFO] [main.py]   найдено 0 вакансий, добираю описания...
2026-08-24 22:41:21 [INFO] [main.py]   сохранено/обновлено: 0, помечено неактивными: 0
2026-08-24 22:41:21 [INFO] [main.py] [robota_ua] поиск по 'python розробник'...
2026-08-24 22:41:21 [INFO] [main.py]   найдено 0 вакансий, добираю описания...
2026-08-24 22:41:21 [INFO] [main.py]   сохранено/обновлено: 0, помечено неактивными: 0
2026-08-24 22:41:21 [INFO] [main.py] [robota_ua] поиск по 'javascript розробник'...
2026-08-24 22:41:21 [INFO] [main.py]   найдено 0 вакансий, добираю описания...
2026-08-24 22:41:21 [INFO] [main.py]   сохранено/обновлено: 0, помечено неактивными: 0
2026-08-24 22:41:21 [INFO] [main.py] [robota_ua] поиск по 'typescript розробник'...
2026-08-24 22:41:21 [INFO] [main.py]   найдено 0 вакансий, добираю описания...
2026-08-24 22:41:21 [INFO] [main.py]   сохранено/обновлено: 0, помечено неактивными: 0
2026-08-24 22:41:21 [INFO] [main.py] [robota_ua] поиск по 'frontend розробник'...
2026-08-24 22:41:21 [INFO] [main.py]   найдено 0 вакансий, добираю описания...
2026-08-24 22:41:21 [INFO] [main.py]   сохранено/обновлено: 0, помечено неактивными: 0
2026-08-24 22:41:21 [INFO] [main.py] [robota_ua] поиск по 'backend розробник'...
2026-08-24 22:41:21 [INFO] [main.py]   найдено 0 вакансий, добираю описания...
2026-08-24 22:41:21 [INFO] [main.py]   сохранено/обновлено: 0, помечено неактивными: 0
2026-08-24 22:41:21 [INFO] [main.py] [robota_ua] поиск по 'fullstack розробник'...
2026-08-24 22:41:21 [INFO] [main.py]   найдено 0 вакансий, добираю описания...
2026-08-24 22:41:21 [INFO] [main.py]   сохранено/обновлено: 0, помечено неактивными: 0
2026-08-24 22:41:21 [INFO] [main.py] [robota_ua] поиск по 'java розробник'...
2026-08-24 22:41:21 [INFO] [main.py]   найдено 0 вакансий, добираю описания...
2026-08-24 22:41:21 [INFO] [main.py]   сохранено/обновлено: 0, помечено неактивными: 0
2026-08-24 22:41:21 [INFO] [main.py] [robota_ua] поиск по 'php розробник'...
2026-08-24 22:41:21 [INFO] [main.py]   найдено 0 вакансий, добираю описания...
2026-08-24 22:41:21 [INFO] [main.py]   сохранено/обновлено: 0, помечено неактивными: 0
2026-08-24 22:41:21 [INFO] [main.py] [robota_ua] поиск по '.net розробник'...
2026-08-24 22:41:21 [INFO] [main.py]   найдено 0 вакансий, добираю описания...
2026-08-24 22:41:21 [INFO] [main.py]   сохранено/обновлено: 0, помечено неактивными: 0
2026-08-24 22:41:21 [INFO] [main.py] [robota_ua] поиск по 'c++ розробник'...
2026-08-24 22:41:21 [INFO] [main.py]   найдено 0 вакансий, добираю описания...
2026-08-24 22:41:21 [INFO] [main.py]   сохранено/обновлено: 0, помечено неактивными: 0
2026-08-24 22:41:21 [INFO] [main.py] [robota_ua] поиск по 'c# розробник'...
2026-08-24 22:41:21 [INFO] [main.py]   найдено 0 вакансий, добираю описания...
2026-08-24 22:41:21 [INFO] [main.py]   сохранено/обновлено: 0, помечено неактивными: 0
2026-08-24 22:41:21 [INFO] [main.py] [robota_ua] поиск по 'golang розробник'...
2026-08-24 22:41:21 [INFO] [main.py]   найдено 0 вакансий, добираю описания...
2026-08-24 22:41:21 [INFO] [main.py]   сохранено/обновлено: 0, помечено неактивными: 0
2026-08-24 22:41:21 [INFO] [main.py] [robota_ua] поиск по 'ruby розробник'...
2026-08-24 22:41:21 [INFO] [main.py]   найдено 0 вакансий, добираю описания...
2026-08-24 22:41:21 [INFO] [main.py]   сохранено/обновлено: 0, помечено неактивными: 0
2026-08-24 22:41:21 [INFO] [main.py] [robota_ua] поиск по 'react developer'...
2026-08-24 22:41:21 [INFO] [main.py]   найдено 0 вакансий, добираю описания...
2026-08-24 22:41:21 [INFO] [main.py]   сохранено/обновлено: 0, помечено неактивными: 0
2026-08-24 22:41:21 [INFO] [main.py] [robota_ua] поиск по 'vue developer'...
2026-08-24 22:41:21 [INFO] [main.py]   найдено 0 вакансий, добираю описания...
2026-08-24 22:41:21 [INFO] [main.py]   сохранено/обновлено: 0, помечено неактивными: 0
2026-08-24 22:41:21 [INFO] [main.py] [robota_ua] поиск по 'angular developer'...
2026-08-24 22:41:21 [INFO] [main.py]   найдено 0 вакансий, добираю описания...
2026-08-24 22:41:21 [INFO] [main.py]   сохранено/обновлено: 0, помечено неактивными: 0
2026-08-24 22:41:21 [INFO] [main.py] [robota_ua] поиск по 'node.js developer'...
2026-08-24 22:41:21 [INFO] [main.py]   найдено 0 вакансий, добираю описания...
2026-08-24 22:41:21 [INFO] [main.py]   сохранено/обновлено: 0, помечено неактивными: 0
2026-08-24 22:41:21 [INFO] [main.py] [robota_ua] поиск по 'android developer'...
2026-08-24 22:41:21 [INFO] [main.py]   найдено 0 вакансий, добираю описания...
2026-08-24 22:41:21 [INFO] [main.py]   сохранено/обновлено: 0, помечено неактивными: 0
2026-08-24 22:41:21 [INFO] [main.py] [robota_ua] поиск по 'ios developer'...
2026-08-24 22:41:21 [INFO] [main.py]   найдено 0 вакансий, добираю описания...
2026-08-24 22:41:21 [INFO] [main.py]   сохранено/обновлено: 0, помечено неактивными: 0
2026-08-24 22:41:21 [INFO] [main.py] [robota_ua] поиск по 'mobile developer'...
2026-08-24 22:41:21 [INFO] [main.py]   найдено 0 вакансий, добираю описания...
2026-08-24 22:41:21 [INFO] [main.py]   сохранено/обновлено: 0, помечено неактивными: 0
2026-08-24 22:41:21 [INFO] [main.py] [robota_ua] поиск по 'flutter developer'...
2026-08-24 22:41:21 [INFO] [main.py]   найдено 0 вакансий, добираю описания...
2026-08-24 22:41:21 [INFO] [main.py]   сохранено/обновлено: 0, помечено неактивными: 0
2026-08-24 22:41:21 [INFO] [main.py] [robota_ua] поиск по 'react native developer'...
2026-08-24 22:41:21 [INFO] [main.py]   найдено 0 вакансий, добираю описания...
2026-08-24 22:41:21 [INFO] [main.py]   сохранено/обновлено: 0, помечено неактивными: 0
2026-08-24 22:41:21 [INFO] [main.py] [robota_ua] поиск по 'unity developer'...
2026-08-24 22:41:21 [INFO] [main.py]   найдено 0 вакансий, добираю описания...
2026-08-24 22:41:21 [INFO] [main.py]   сохранено/обновлено: 0, помечено неактивными: 0
2026-08-24 22:41:21 [INFO] [main.py] [robota_ua] поиск по 'game developer'...
2026-08-24 22:41:21 [INFO] [main.py]   найдено 0 вакансий, добираю описания...
2026-08-24 22:41:21 [INFO] [main.py]   сохранено/обновлено: 0, помечено неактивными: 0
2026-08-24 22:41:21 [INFO] [main.py] [robota_ua] поиск по 'qa engineer'...
2026-08-24 22:41:21 [INFO] [main.py]   найдено 0 вакансий, добираю описания...
2026-08-24 22:41:21 [INFO] [main.py]   сохранено/обновлено: 0, помечено неактивными: 0
2026-08-24 22:41:21 [INFO] [main.py] [robota_ua] поиск по 'qa manual'...
2026-08-24 22:41:21 [INFO] [main.py]   найдено 0 вакансий, добираю описания...
2026-08-24 22:41:21 [INFO] [main.py]   сохранено/обновлено: 0, помечено неактивными: 0
2026-08-24 22:41:21 [INFO] [main.py] [robota_ua] поиск по 'qa automation'...
2026-08-24 22:41:21 [INFO] [main.py]   найдено 0 вакансий, добираю описания...
2026-08-24 22:41:21 [INFO] [main.py]   сохранено/обновлено: 0, помечено неактивными: 0
2026-08-24 22:41:21 [INFO] [main.py] [robota_ua] поиск по 'sdet'...
2026-08-24 22:41:21 [INFO] [main.py]   найдено 0 вакансий, добираю описания...
2026-08-24 22:41:21 [INFO] [main.py]   сохранено/обновлено: 0, помечено неактивными: 0
2026-08-24 22:41:21 [INFO] [main.py] [robota_ua] поиск по 'devops engineer'...
2026-08-24 22:41:21 [INFO] [main.py]   найдено 0 вакансий, добираю описания...
2026-08-24 22:41:21 [INFO] [main.py]   сохранено/обновлено: 0, помечено неактивными: 0
2026-08-24 22:41:21 [INFO] [main.py] [robota_ua] поиск по 'sre engineer'...
2026-08-24 22:41:21 [INFO] [main.py]   найдено 0 вакансий, добираю описания...
2026-08-24 22:41:21 [INFO] [main.py]   сохранено/обновлено: 0, помечено неактивными: 0
2026-08-24 22:41:21 [INFO] [main.py] [robota_ua] поиск по 'site reliability engineer'...
2026-08-24 22:41:21 [INFO] [main.py]   найдено 0 вакансий, добираю описания...
2026-08-24 22:41:21 [INFO] [main.py]   сохранено/обновлено: 0, помечено неактивными: 0
2026-08-24 22:41:21 [INFO] [main.py] [robota_ua] поиск по 'data analyst'...
2026-08-24 22:41:21 [INFO] [main.py]   найдено 0 вакансий, добираю описания...
2026-08-24 22:41:21 [INFO] [main.py]   сохранено/обновлено: 0, помечено неактивными: 0
2026-08-24 22:41:21 [INFO] [main.py] [robota_ua] поиск по 'data scientist'...
2026-08-24 22:41:21 [INFO] [main.py]   найдено 0 вакансий, добираю описания...
2026-08-24 22:41:21 [INFO] [main.py]   сохранено/обновлено: 0, помечено неактивными: 0
2026-08-24 22:41:21 [INFO] [main.py] [robota_ua] поиск по 'data engineer'...
2026-08-24 22:41:21 [INFO] [main.py]   найдено 0 вакансий, добираю описания...
2026-08-24 22:41:21 [INFO] [main.py]   сохранено/обновлено: 0, помечено неактивными: 0
2026-08-24 22:41:21 [INFO] [main.py] [robota_ua] поиск по 'ml engineer'...
2026-08-24 22:41:21 [INFO] [main.py]   найдено 0 вакансий, добираю описания...
2026-08-24 22:41:21 [INFO] [main.py]   сохранено/обновлено: 0, помечено неактивными: 0
2026-08-24 22:41:21 [INFO] [main.py] [robota_ua] поиск по 'machine learning engineer'...
2026-08-24 22:41:21 [INFO] [main.py]   найдено 0 вакансий, добираю описания...
2026-08-24 22:41:21 [INFO] [main.py]   сохранено/обновлено: 0, помечено неактивными: 0
2026-08-24 22:41:21 [INFO] [main.py] [robota_ua] поиск по 'ai engineer'...
2026-08-24 22:41:21 [INFO] [main.py]   найдено 0 вакансий, добираю описания...
2026-08-24 22:41:21 [INFO] [main.py]   сохранено/обновлено: 0, помечено неактивными: 0
2026-08-24 22:41:21 [INFO] [main.py] [robota_ua] поиск по 'prompt engineer'...
2026-08-24 22:41:21 [INFO] [main.py]   найдено 0 вакансий, добираю описания...
2026-08-24 22:41:21 [INFO] [main.py]   сохранено/обновлено: 0, помечено неактивными: 0
2026-08-24 22:41:21 [INFO] [main.py] [robota_ua] поиск по 'data science'...
2026-08-24 22:41:21 [INFO] [main.py]   найдено 0 вакансий, добираю описания...
2026-08-24 22:41:21 [INFO] [main.py]   сохранено/обновлено: 0, помечено неактивными: 0
2026-08-24 22:41:21 [INFO] [main.py] [robota_ua] поиск по 'business intelligence analyst'...
2026-08-24 22:41:21 [INFO] [main.py]   найдено 0 вакансий, добираю описания...
2026-08-24 22:41:21 [INFO] [main.py]   сохранено/обновлено: 0, помечено неактивными: 0
2026-08-24 22:41:21 [INFO] [main.py] [robota_ua] поиск по 'system administrator'...
2026-08-24 22:41:21 [INFO] [main.py]   найдено 0 вакансий, добираю описания...
2026-08-24 22:41:21 [INFO] [main.py]   сохранено/обновлено: 0, помечено неактивными: 0
2026-08-24 22:41:21 [INFO] [main.py] [robota_ua] поиск по 'network engineer'...
2026-08-24 22:41:21 [INFO] [main.py]   найдено 0 вакансий, добираю описания...
2026-08-24 22:41:21 [INFO] [main.py]   сохранено/обновлено: 0, помечено неактивными: 0
2026-08-24 22:41:21 [INFO] [main.py] [robota_ua] поиск по 'it support'...
2026-08-24 22:41:21 [INFO] [main.py]   найдено 0 вакансий, добираю описания...
2026-08-24 22:41:21 [INFO] [main.py]   сохранено/обновлено: 0, помечено неактивными: 0
2026-08-24 22:41:21 [INFO] [main.py] [robota_ua] поиск по 'technical support'...
2026-08-24 22:41:21 [INFO] [main.py]   найдено 0 вакансий, добираю описания...
2026-08-24 22:41:21 [INFO] [main.py]   сохранено/обновлено: 0, помечено неактивными: 0
2026-08-24 22:41:21 [INFO] [main.py] [robota_ua] поиск по 'helpdesk'...
2026-08-24 22:41:21 [INFO] [main.py]   найдено 0 вакансий, добираю описания...
2026-08-24 22:41:21 [INFO] [main.py]   сохранено/обновлено: 0, помечено неактивными: 0
2026-08-24 22:41:21 [INFO] [main.py] [robota_ua] поиск по 'cybersecurity engineer'...
2026-08-24 22:41:21 [INFO] [main.py]   найдено 0 вакансий, добираю описания...
2026-08-24 22:41:21 [INFO] [main.py]   сохранено/обновлено: 0, помечено неактивными: 0
2026-08-24 22:41:21 [INFO] [main.py] [robota_ua] поиск по 'security analyst'...
2026-08-24 22:41:21 [INFO] [main.py]   найдено 0 вакансий, добираю описания...
2026-08-24 22:41:21 [INFO] [main.py]   сохранено/обновлено: 0, помечено неактивными: 0
2026-08-24 22:41:21 [INFO] [main.py] [robota_ua] поиск по 'solution architect'...
2026-08-24 22:41:21 [INFO] [main.py]   найдено 0 вакансий, добираю описания...
2026-08-24 22:41:21 [INFO] [main.py]   сохранено/обновлено: 0, помечено неактивными: 0
2026-08-24 22:41:21 [INFO] [main.py] [robota_ua] поиск по 'technical writer'...
2026-08-24 22:41:21 [INFO] [main.py]   найдено 0 вакансий, добираю описания...
2026-08-24 22:41:21 [INFO] [main.py]   сохранено/обновлено: 0, помечено неактивными: 0
2026-08-24 22:41:21 [INFO] [main.py] [robota_ua] поиск по 'scrum master'...
2026-08-24 22:41:21 [INFO] [main.py]   найдено 0 вакансий, добираю описания...
2026-08-24 22:41:21 [INFO] [main.py]   сохранено/обновлено: 0, помечено неактивными: 0
2026-08-24 22:41:21 [INFO] [main.py] [robota_ua] поиск по 'product owner'...
2026-08-24 22:41:21 [INFO] [main.py]   найдено 0 вакансий, добираю описания...
2026-08-24 22:41:21 [INFO] [main.py]   сохранено/обновлено: 0, помечено неактивными: 0
2026-08-24 22:41:21 [INFO] [main.py] [robota_ua] поиск по 'project manager'...
2026-08-24 22:41:21 [INFO] [main.py]   найдено 0 вакансий, добираю описания...
2026-08-24 22:41:21 [INFO] [main.py]   сохранено/обновлено: 0, помечено неактивными: 0
2026-08-24 22:41:21 [INFO] [main.py] [robota_ua] поиск по 'program manager'...
2026-08-24 22:41:21 [INFO] [main.py]   найдено 0 вакансий, добираю описания...
2026-08-24 22:41:21 [INFO] [main.py]   сохранено/обновлено: 0, помечено неактивными: 0
2026-08-24 22:41:21 [INFO] [main.py] [robota_ua] поиск по 'delivery manager'...
2026-08-24 22:41:21 [INFO] [main.py]   найдено 0 вакансий, добираю описания...
2026-08-24 22:41:21 [INFO] [main.py]   сохранено/обновлено: 0, помечено неактивными: 0
2026-08-24 22:41:21 [INFO] [main.py] [robota_ua] поиск по 'product manager'...
2026-08-24 22:41:21 [INFO] [main.py]   найдено 0 вакансий, добираю описания...
2026-08-24 22:41:21 [INFO] [main.py]   сохранено/обновлено: 0, помечено неактивными: 0
2026-08-24 22:41:21 [INFO] [main.py] [robota_ua] поиск по 'business analyst'...
2026-08-24 22:41:21 [INFO] [main.py]   найдено 0 вакансий, добираю описания...
2026-08-24 22:41:21 [INFO] [main.py]   сохранено/обновлено: 0, помечено неактивными: 0
2026-08-24 22:41:21 [INFO] [main.py] [robota_ua] поиск по 'system analyst'...
2026-08-24 22:41:21 [INFO] [main.py]   найдено 0 вакансий, добираю описания...
2026-08-24 22:41:21 [INFO] [main.py]   сохранено/обновлено: 0, помечено неактивными: 0
2026-08-24 22:41:21 [INFO] [main.py] [robota_ua] поиск по 'ui дизайнер'...
2026-08-24 22:41:21 [INFO] [main.py]   найдено 0 вакансий, добираю описания...
2026-08-24 22:41:21 [INFO] [main.py]   сохранено/обновлено: 0, помечено неактивными: 0
2026-08-24 22:41:21 [INFO] [main.py] [robota_ua] поиск по 'ux дизайнер'...
2026-08-24 22:41:21 [INFO] [main.py]   найдено 0 вакансий, добираю описания...
2026-08-24 22:56:17 [INFO] [main.py]   сохранено/обновлено: 0, помечено неактивными: 0
2026-08-24 22:56:17 [INFO] [main.py] [robota_ua] поиск по 'ui/ux дизайнер'...
2026-08-24 22:56:17 [INFO] [main.py]   найдено 0 вакансий, добираю описания...
2026-08-24 22:56:17 [INFO] [main.py]   сохранено/обновлено: 0, помечено неактивными: 0
2026-08-24 22:56:17 [INFO] [main.py] [robota_ua] поиск по 'graphic designer'...
2026-08-24 22:56:17 [INFO] [main.py]   найдено 0 вакансий, добираю описания...
2026-08-24 22:56:17 [INFO] [main.py]   сохранено/обновлено: 0, помечено неактивными: 0
2026-08-24 22:56:17 [INFO] [main.py] [robota_ua] поиск по 'motion designer'...
2026-08-24 22:56:17 [INFO] [main.py]   найдено 0 вакансий, добираю описания...
2026-08-24 22:56:17 [INFO] [main.py]   сохранено/обновлено: 0, помечено неактивными: 0
2026-08-24 22:56:17 [INFO] [main.py] [robota_ua] поиск по '3d artist'...
2026-08-24 22:56:17 [INFO] [main.py]   найдено 0 вакансий, добираю описания...
2026-08-24 22:56:17 [INFO] [main.py]   сохранено/обновлено: 0, помечено неактивными: 0
2026-08-24 22:56:17 [INFO] [main.py] [robota_ua] поиск по 'ілюстратор'...
2026-08-24 22:56:17 [INFO] [main.py]   найдено 0 вакансий, добираю описания...
2026-08-24 22:56:17 [INFO] [main.py]   сохранено/обновлено: 0, помечено неактивными: 0
2026-08-24 22:56:17 [INFO] [main.py] [robota_ua] поиск по 'brand designer'...
2026-08-24 22:56:17 [INFO] [main.py]   найдено 0 вакансий, добираю описания...
2026-08-24 22:56:17 [INFO] [main.py]   сохранено/обновлено: 0, помечено неактивными: 0
2026-08-24 22:56:17 [INFO] [main.py] [robota_ua] поиск по 'web designer'...
2026-08-24 22:56:17 [INFO] [main.py]   найдено 0 вакансий, добираю описания...
2026-08-24 22:56:17 [INFO] [main.py]   сохранено/обновлено: 0, помечено неактивными: 0
2026-08-24 22:56:17 [INFO] [main.py] [robota_ua] поиск по 'recruiter'...
2026-08-24 22:56:17 [INFO] [main.py]   найдено 0 вакансий, добираю описания...
2026-08-24 22:56:17 [INFO] [main.py]   сохранено/обновлено: 0, помечено неактивными: 0
2026-08-24 22:56:17 [INFO] [main.py] [robota_ua] поиск по 'it recruiter'...
2026-08-24 22:56:17 [INFO] [main.py]   найдено 0 вакансий, добираю описания...
2026-08-24 22:56:17 [INFO] [main.py]   сохранено/обновлено: 0, помечено неактивными: 0
2026-08-24 22:56:17 [INFO] [main.py] [robota_ua] поиск по 'hr manager'...
2026-08-24 22:56:17 [INFO] [main.py]   найдено 0 вакансий, добираю описания...
2026-08-24 22:56:17 [INFO] [main.py]   сохранено/обновлено: 0, помечено неактивными: 0
2026-08-24 22:56:17 [INFO] [main.py] [robota_ua] поиск по 'hr generalist'...
2026-08-24 22:56:17 [INFO] [main.py]   найдено 0 вакансий, добираю описания...
2026-08-24 22:56:17 [INFO] [main.py]   сохранено/обновлено: 0, помечено неактивными: 0
2026-08-24 22:56:17 [INFO] [main.py] [robota_ua] поиск по 'hr business partner'...
2026-08-24 22:56:17 [INFO] [main.py]   найдено 0 вакансий, добираю описания...
2026-08-24 22:56:17 [INFO] [main.py]   сохранено/обновлено: 0, помечено неактивными: 0
2026-08-24 22:56:17 [INFO] [main.py] [robota_ua] поиск по 'talent acquisition'...
2026-08-24 22:56:17 [INFO] [main.py]   найдено 0 вакансий, добираю описания...
2026-08-24 22:56:17 [INFO] [main.py]   сохранено/обновлено: 0, помечено неактивными: 0
2026-08-24 22:56:17 [INFO] [main.py] [robota_ua] поиск по 'рекрутер'...
2026-08-24 22:56:17 [INFO] [main.py]   найдено 0 вакансий, добираю описания...
2026-08-24 22:56:17 [INFO] [main.py]   сохранено/обновлено: 0, помечено неактивными: 0
2026-08-24 22:56:17 [INFO] [main.py] [robota_ua] поиск по 'кадровик'...
2026-08-24 22:56:17 [INFO] [main.py]   найдено 0 вакансий, добираю описания...
2026-08-24 22:56:17 [INFO] [main.py]   сохранено/обновлено: 0, помечено неактивными: 0
2026-08-24 22:56:17 [INFO] [main.py] [robota_ua] поиск по 'office manager'...
2026-08-24 22:56:17 [INFO] [main.py]   найдено 0 вакансий, добираю описания...
2026-08-24 22:56:17 [INFO] [main.py]   сохранено/обновлено: 0, помечено неактивными: 0
2026-08-24 22:56:17 [INFO] [main.py] [robota_ua] поиск по 'sales manager'...
2026-08-24 22:56:17 [INFO] [main.py]   найдено 0 вакансий, добираю описания...
2026-08-24 22:56:17 [INFO] [main.py]   сохранено/обновлено: 0, помечено неактивными: 0
2026-08-24 22:56:17 [INFO] [main.py] [robota_ua] поиск по 'sales representative'...
2026-08-24 22:56:17 [INFO] [main.py]   найдено 0 вакансий, добираю описания...
2026-08-24 22:56:17 [INFO] [main.py]   сохранено/обновлено: 0, помечено неактивными: 0
2026-08-24 22:56:17 [INFO] [main.py] [robota_ua] поиск по 'account manager'...
2026-08-24 22:56:17 [INFO] [main.py]   найдено 0 вакансий, добираю описания...
2026-08-24 22:56:17 [INFO] [main.py]   сохранено/обновлено: 0, помечено неактивными: 0
2026-08-24 22:56:17 [INFO] [main.py] [robota_ua] поиск по 'key account manager'...
2026-08-24 22:56:17 [INFO] [main.py]   найдено 0 вакансий, добираю описания...
2026-08-24 22:56:17 [INFO] [main.py]   сохранено/обновлено: 0, помечено неактивными: 0
2026-08-24 22:56:17 [INFO] [main.py] [robota_ua] поиск по 'business development manager'...
2026-08-24 22:56:17 [INFO] [main.py]   найдено 0 вакансий, добираю описания...
2026-08-24 22:56:17 [INFO] [main.py]   сохранено/обновлено: 0, помечено неактивными: 0
2026-08-24 22:56:17 [INFO] [main.py] [robota_ua] поиск по 'customer support'...
2026-08-24 22:56:17 [INFO] [main.py]   найдено 0 вакансий, добираю описания...
2026-08-24 22:56:17 [INFO] [main.py]   сохранено/обновлено: 0, помечено неактивными: 0
2026-08-24 22:56:17 [INFO] [main.py] [robota_ua] поиск по 'customer success manager'...
2026-08-24 22:56:17 [INFO] [main.py]   найдено 0 вакансий, добираю описания...
2026-08-24 22:56:17 [INFO] [main.py]   сохранено/обновлено: 0, помечено неактивными: 0
2026-08-24 22:56:17 [INFO] [main.py] [robota_ua] поиск по 'call center operator'...
2026-08-24 22:56:17 [INFO] [main.py]   найдено 0 вакансий, добираю описания...
2026-08-24 22:56:17 [INFO] [main.py]   сохранено/обновлено: 0, помечено неактивными: 0
2026-08-24 22:56:17 [INFO] [main.py] [robota_ua] поиск по 'менеджер з продажу'...
2026-08-24 22:56:17 [INFO] [main.py]   найдено 0 вакансий, добираю описания...
2026-08-24 22:56:17 [INFO] [main.py]   сохранено/обновлено: 0, помечено неактивными: 0
2026-08-24 22:56:17 [INFO] [main.py] [robota_ua] поиск по 'торговий представник'...
2026-08-24 22:56:17 [INFO] [main.py]   найдено 0 вакансий, добираю описания...
2026-08-24 22:56:17 [INFO] [main.py]   сохранено/обновлено: 0, помечено неактивными: 0
2026-08-24 22:56:17 [INFO] [main.py] [robota_ua] поиск по 'marketing manager'...
2026-08-24 22:56:17 [INFO] [main.py]   найдено 0 вакансий, добираю описания...
2026-08-24 22:56:17 [INFO] [main.py]   сохранено/обновлено: 0, помечено неактивными: 0
2026-08-24 22:56:17 [INFO] [main.py] [robota_ua] поиск по 'digital marketing manager'...
2026-08-24 22:56:17 [INFO] [main.py]   найдено 0 вакансий, добираю описания...
2026-08-24 22:56:17 [INFO] [main.py]   сохранено/обновлено: 0, помечено неактивными: 0
2026-08-24 22:56:17 [INFO] [main.py] [robota_ua] поиск по 'smm manager'...
2026-08-24 22:56:17 [INFO] [main.py]   найдено 0 вакансий, добираю описания...
2026-08-24 22:56:17 [INFO] [main.py]   сохранено/обновлено: 0, помечено неактивными: 0
2026-08-24 22:56:17 [INFO] [main.py] [robota_ua] поиск по 'seo спеціаліст'...
2026-08-24 22:56:17 [INFO] [main.py]   найдено 0 вакансий, добираю описания...
2026-08-24 22:56:17 [INFO] [main.py]   сохранено/обновлено: 0, помечено неактивными: 0
2026-08-24 22:56:17 [INFO] [main.py] [robota_ua] поиск по 'ppc спеціаліст'...
2026-08-24 22:56:17 [INFO] [main.py]   найдено 0 вакансий, добираю описания...
2026-08-24 22:56:17 [INFO] [main.py]   сохранено/обновлено: 0, помечено неактивными: 0
2026-08-24 22:56:17 [INFO] [main.py] [robota_ua] поиск по 'content manager'...
2026-08-24 22:56:17 [INFO] [main.py]   найдено 0 вакансий, добираю описания...
2026-08-24 22:56:17 [INFO] [main.py]   сохранено/обновлено: 0, помечено неактивными: 0
2026-08-24 22:56:17 [INFO] [main.py] [robota_ua] поиск по 'копірайтер'...
2026-08-24 22:56:17 [INFO] [main.py]   найдено 0 вакансий, добираю описания...
2026-08-24 22:56:17 [INFO] [main.py]   сохранено/обновлено: 0, помечено неактивными: 0
2026-08-24 22:56:17 [INFO] [main.py] [robota_ua] поиск по 'редактор'...
2026-08-24 22:56:17 [INFO] [main.py]   найдено 0 вакансий, добираю описания...
2026-08-24 22:56:17 [INFO] [main.py]   сохранено/обновлено: 0, помечено неактивными: 0
2026-08-24 22:56:17 [INFO] [main.py] [robota_ua] поиск по 'pr manager'...
2026-08-24 22:56:17 [INFO] [main.py]   найдено 0 вакансий, добираю описания...
2026-08-24 22:56:17 [INFO] [main.py]   сохранено/обновлено: 0, помечено неактивными: 0
2026-08-24 22:56:17 [INFO] [main.py] [robota_ua] поиск по 'event manager'...
2026-08-24 22:56:17 [INFO] [main.py]   найдено 0 вакансий, добираю описания...
2026-08-24 22:56:17 [INFO] [main.py]   сохранено/обновлено: 0, помечено неактивными: 0
2026-08-24 22:56:17 [INFO] [main.py] [robota_ua] поиск по 'бренд-менеджер'...
2026-08-24 22:56:17 [INFO] [main.py]   найдено 0 вакансий, добираю описания...
2026-08-24 22:56:17 [INFO] [main.py]   сохранено/обновлено: 0, помечено неактивными: 0
2026-08-24 22:56:17 [INFO] [main.py] [robota_ua] поиск по 'бухгалтер'...
2026-08-24 22:56:17 [INFO] [main.py]   найдено 0 вакансий, добираю описания...
2026-08-24 22:56:17 [INFO] [main.py]   сохранено/обновлено: 0, помечено неактивными: 0
2026-08-24 22:56:17 [INFO] [main.py] [robota_ua] поиск по 'головний бухгалтер'...
2026-08-24 22:56:17 [INFO] [main.py]   найдено 0 вакансий, добираю описания...
2026-08-24 22:56:17 [INFO] [main.py]   сохранено/обновлено: 0, помечено неактивными: 0
2026-08-24 22:56:17 [INFO] [main.py] [robota_ua] поиск по 'фінансовий аналітик'...
2026-08-24 22:56:17 [INFO] [main.py]   найдено 0 вакансий, добираю описания...
2026-08-24 22:56:17 [INFO] [main.py]   сохранено/обновлено: 0, помечено неактивными: 0
2026-08-24 22:56:17 [INFO] [main.py] [robota_ua] поиск по 'фінансовий директор'...
2026-08-24 22:56:17 [INFO] [main.py]   найдено 0 вакансий, добираю описания...
2026-08-24 22:56:17 [INFO] [main.py]   сохранено/обновлено: 0, помечено неактивными: 0
2026-08-24 22:56:17 [INFO] [main.py] [robota_ua] поиск по 'економіст'...
2026-08-24 22:56:17 [INFO] [main.py]   найдено 0 вакансий, добираю описания...
2026-08-24 22:56:17 [INFO] [main.py]   сохранено/обновлено: 0, помечено неактивными: 0
2026-08-24 22:56:17 [INFO] [main.py] [robota_ua] поиск по 'аудитор'...
2026-08-24 22:56:17 [INFO] [main.py]   найдено 0 вакансий, добираю описания...
2026-08-24 22:56:17 [INFO] [main.py]   сохранено/обновлено: 0, помечено неактивными: 0
2026-08-24 22:56:17 [INFO] [main.py] [robota_ua] поиск по 'юрист'...
2026-08-24 22:56:17 [INFO] [main.py]   найдено 0 вакансий, добираю описания...
2026-08-24 22:56:17 [INFO] [main.py]   сохранено/обновлено: 0, помечено неактивными: 0
2026-08-24 22:56:17 [INFO] [main.py] [robota_ua] поиск по 'юрисконсульт'...
2026-08-24 22:56:17 [INFO] [main.py]   найдено 0 вакансий, добираю описания...
2026-08-24 22:56:17 [INFO] [main.py]   сохранено/обновлено: 0, помечено неактивными: 0
2026-08-24 22:56:17 [INFO] [main.py] [robota_ua] поиск по 'адвокат'...
2026-08-24 22:56:17 [INFO] [main.py]   найдено 0 вакансий, добираю описания...
2026-08-24 22:56:17 [INFO] [main.py]   сохранено/обновлено: 0, помечено неактивными: 0
2026-08-24 22:56:17 [INFO] [main.py] [robota_ua] поиск по 'логіст'...
2026-08-24 22:56:17 [INFO] [main.py]   найдено 0 вакансий, добираю описания...
2026-08-24 22:56:17 [INFO] [main.py]   сохранено/обновлено: 0, помечено неактивными: 0
2026-08-24 22:56:17 [INFO] [main.py] [robota_ua] поиск по 'менеджер з логістики'...
2026-08-24 22:56:17 [INFO] [main.py]   найдено 0 вакансий, добираю описания...
2026-08-24 22:56:17 [INFO] [main.py]   сохранено/обновлено: 0, помечено неактивными: 0
2026-08-24 22:56:17 [INFO] [main.py] [robota_ua] поиск по 'диспетчер'...
2026-08-24 22:56:17 [INFO] [main.py]   найдено 0 вакансий, добираю описания...
2026-08-24 22:56:17 [INFO] [main.py]   сохранено/обновлено: 0, помечено неактивными: 0
2026-08-24 22:56:17 [INFO] [main.py] [robota_ua] поиск по 'комірник'...
2026-08-24 22:56:17 [INFO] [main.py]   найдено 0 вакансий, добираю описания...
2026-08-24 22:56:17 [INFO] [main.py]   сохранено/обновлено: 0, помечено неактивными: 0
2026-08-24 22:56:17 [INFO] [main.py] [robota_ua] поиск по 'водій'...
2026-08-24 22:56:17 [INFO] [main.py]   найдено 0 вакансий, добираю описания...
2026-08-24 22:56:17 [INFO] [main.py]   сохранено/обновлено: 0, помечено неактивными: 0
2026-08-24 22:56:17 [INFO] [main.py] [robota_ua] поиск по 'водій категорії с'...
2026-08-24 22:56:17 [INFO] [main.py]   найдено 0 вакансий, добираю описания...
2026-08-24 22:56:17 [INFO] [main.py]   сохранено/обновлено: 0, помечено неактивными: 0
2026-08-24 22:56:17 [INFO] [main.py] [robota_ua] поиск по 'кур'єр'...
2026-08-24 22:56:17 [INFO] [main.py]   найдено 0 вакансий, добираю описания...
2026-08-24 22:56:17 [INFO] [main.py]   сохранено/обновлено: 0, помечено неактивными: 0
2026-08-24 22:56:17 [INFO] [main.py] [robota_ua] поиск по 'складський працівник'...
2026-08-24 22:56:17 [INFO] [main.py]   найдено 0 вакансий, добираю описания...
2026-08-24 22:56:17 [INFO] [main.py]   сохранено/обновлено: 0, помечено неактивными: 0
2026-08-24 22:56:17 [INFO] [main.py] [robota_ua] поиск по 'менеджер зі закупівель'...
2026-08-24 22:56:17 [INFO] [main.py]   найдено 0 вакансий, добираю описания...
2026-08-24 22:56:17 [INFO] [main.py]   сохранено/обновлено: 0, помечено неактивными: 0
2026-08-24 22:56:17 [INFO] [main.py] [robota_ua] поиск по 'procurement manager'...
2026-08-24 22:56:17 [INFO] [main.py]   найдено 0 вакансий, добираю описания...
2026-08-24 22:56:17 [INFO] [main.py]   сохранено/обновлено: 0, помечено неактивными: 0
2026-08-24 22:56:17 [INFO] [main.py] [robota_ua] поиск по 'supply chain manager'...
2026-08-24 22:56:17 [INFO] [main.py]   найдено 0 вакансий, добираю описания...
2026-08-24 22:56:17 [INFO] [main.py]   сохранено/обновлено: 0, помечено неактивными: 0
2026-08-24 22:56:17 [INFO] [main.py] [robota_ua] поиск по 'секретар'...
2026-08-24 22:56:17 [INFO] [main.py]   найдено 0 вакансий, добираю описания...
2026-08-24 22:56:17 [INFO] [main.py]   сохранено/обновлено: 0, помечено неактивными: 0
2026-08-24 22:56:17 [INFO] [main.py] [robota_ua] поиск по 'адміністратор'...
2026-08-24 22:56:17 [INFO] [main.py]   найдено 0 вакансий, добираю описания...
2026-08-24 22:56:17 [INFO] [main.py]   сохранено/обновлено: 0, помечено неактивными: 0
2026-08-24 22:56:17 [INFO] [main.py] [robota_ua] поиск по 'асистент керівника'...
2026-08-24 22:56:17 [INFO] [main.py]   найдено 0 вакансий, добираю описания...
2026-08-24 23:08:14 [INFO] Watchdog запущен. max_restarts=3, restart_delay=30.0s, main.py args=['--keywords-file', 'keywords.csv']
2026-08-24 23:08:14 [INFO] Запуск: C:\Users\HP_Liza\AppData\Local\Programs\Python\Python311\python.exe C:\work\ua_jobs_parser\main.py --keywords-file keywords.csv
2026-08-24 23:08:15 [INFO] [main.py] usage: main.py [-h] [--keywords KEYWORDS] [--sources SOURCES]
2026-08-24 23:08:15 [INFO] [main.py]                [--max-items MAX_ITEMS] [--headful]
2026-08-24 23:08:15 [INFO] [main.py] main.py: error: unrecognized arguments: --keywords-file keywords.csv
2026-08-24 23:08:15 [WARNING] main.py упал (exit=2), попытка 1/3.
2026-08-24 23:08:15 [INFO] Пауза 30 сек перед рестартом...
2026-08-24 23:08:45 [INFO] Запуск: C:\Users\HP_Liza\AppData\Local\Programs\Python\Python311\python.exe C:\work\ua_jobs_parser\main.py --keywords-file keywords.csv
2026-08-24 23:08:45 [INFO] [main.py] usage: main.py [-h] [--keywords KEYWORDS] [--sources SOURCES]
2026-08-24 23:08:45 [INFO] [main.py]                [--max-items MAX_ITEMS] [--headful]
2026-08-24 23:08:45 [INFO] [main.py] main.py: error: unrecognized arguments: --keywords-file keywords.csv
2026-08-24 23:08:45 [WARNING] main.py упал (exit=2), попытка 2/3.
2026-08-24 23:08:45 [INFO] Пауза 30 сек перед рестартом...
2026-08-24 23:09:15 [INFO] Запуск: C:\Users\HP_Liza\AppData\Local\Programs\Python\Python311\python.exe C:\work\ua_jobs_parser\main.py --keywords-file keywords.csv
2026-08-24 23:09:15 [INFO] [main.py] usage: main.py [-h] [--keywords KEYWORDS] [--sources SOURCES]
2026-08-24 23:09:15 [INFO] [main.py]                [--max-items MAX_ITEMS] [--headful]
2026-08-24 23:09:15 [INFO] [main.py] main.py: error: unrecognized arguments: --keywords-file keywords.csv
2026-08-24 23:09:15 [WARNING] main.py упал (exit=2), попытка 3/3.
2026-08-24 23:09:15 [ERROR] Достигнут лимит попыток (3) — прекращаю рестарты.
2026-08-24 23:09:15 [INFO] Watchdog завершён, exit code 1.
2026-08-24 23:10:49 [INFO] Watchdog запущен. max_restarts=3, restart_delay=30.0s, main.py args=['--keywords-file', 'keywords.csv']
2026-08-24 23:10:49 [INFO] Запуск: C:\Users\HP_Liza\AppData\Local\Programs\Python\Python311\python.exe C:\work\ua_jobs_parser\main.py --keywords-file keywords.csv
2026-08-24 23:10:49 [INFO] [main.py] usage: main.py [-h] [--keywords KEYWORDS] [--sources SOURCES]
2026-08-24 23:10:49 [INFO] [main.py]                [--max-items MAX_ITEMS] [--headful]
2026-08-24 23:10:49 [INFO] [main.py] main.py: error: unrecognized arguments: --keywords-file keywords.csv
2026-08-24 23:10:49 [WARNING] main.py упал (exit=2), попытка 1/3.
2026-08-24 23:10:49 [INFO] Пауза 30 сек перед рестартом...
2026-08-24 23:11:19 [INFO] Запуск: C:\Users\HP_Liza\AppData\Local\Programs\Python\Python311\python.exe C:\work\ua_jobs_parser\main.py --keywords-file keywords.csv
2026-08-24 23:11:19 [INFO] [main.py] usage: main.py [-h] [--keywords KEYWORDS] [--sources SOURCES]
2026-08-24 23:11:19 [INFO] [main.py]                [--max-items MAX_ITEMS] [--headful]
2026-08-24 23:11:19 [INFO] [main.py] main.py: error: unrecognized arguments: --keywords-file keywords.csv
2026-08-24 23:11:19 [WARNING] main.py упал (exit=2), попытка 2/3.
2026-08-24 23:11:19 [INFO] Пауза 30 сек перед рестартом...
2026-08-24 23:11:49 [INFO] Запуск: C:\Users\HP_Liza\AppData\Local\Programs\Python\Python311\python.exe C:\work\ua_jobs_parser\main.py --keywords-file keywords.csv
2026-08-24 23:11:49 [INFO] [main.py] usage: main.py [-h] [--keywords KEYWORDS] [--sources SOURCES]
2026-08-24 23:11:49 [INFO] [main.py]                [--max-items MAX_ITEMS] [--headful]
2026-08-24 23:11:49 [INFO] [main.py] main.py: error: unrecognized arguments: --keywords-file keywords.csv
2026-08-24 23:11:49 [WARNING] main.py упал (exit=2), попытка 3/3.
2026-08-24 23:11:49 [ERROR] Достигнут лимит попыток (3) — прекращаю рестарты.
2026-08-24 23:11:49 [INFO] Watchdog завершён, exit code 1.
2026-08-26 13:59:35 [INFO] Watchdog запущен. max_restarts=3, restart_delay=30.0s, main.py args=(нет)
2026-08-26 13:59:35 [INFO] Запуск: C:\Users\HP_Liza\AppData\Local\Programs\Python\Python311\python.exe C:\work\ua_jobs_parser\main.py
